creator_id,frame_timestamp,game_id,timestamp,type,ward_type
4.0,60013,7494844141,56873,WARD_PLACED,YELLOW_TRINKET
1.0,120033,7494844141,73534,WARD_PLACED,YELLOW_TRINKET
8.0,120033,7494844141,95178,WARD_PLACED,YELLOW_TRINKET
6.0,120033,7494844141,101427,WARD_PLACED,YELLOW_TRINKET
5.0,180132,7494844141,126779,WARD_PLACED,YELLOW_TRINKET
1.0,180132,7494844141,176390,WARD_PLACED,YELLOW_TRINKET
3.0,180132,7494844141,177125,WARD_PLACED,YELLOW_TRINKET
7.0,240140,7494844141,186046,WARD_PLACED,YELLOW_TRINKET
9.0,240140,7494844141,233359,WARD_PLACED,YELLOW_TRINKET
6.0,300153,7494844141,243182,WARD_PLACED,CONTROL_WARD
10.0,300153,7494844141,246155,WARD_PLACED,YELLOW_TRINKET
5.0,300153,7494844141,251977,WARD_PLACED,CONTROL_WARD
2.0,300153,7494844141,260262,WARD_PLACED,YELLOW_TRINKET
8.0,300153,7494844141,283614,WARD_PLACED,YELLOW_TRINKET
7.0,300153,7494844141,296417,WARD_PLACED,YELLOW_TRINKET
9.0,360185,7494844141,357346,WARD_PLACED,CONTROL_WARD
9.0,420215,7494844141,395461,WARD_PLACED,YELLOW_TRINKET
2.0,420215,7494844141,409214,WARD_PLACED,YELLOW_TRINKET
2.0,420215,7494844141,414939,WARD_PLACED,CONTROL_WARD
8.0,480247,7494844141,438256,WARD_PLACED,YELLOW_TRINKET
3.0,480247,7494844141,442766,WARD_PLACED,YELLOW_TRINKET
6.0,480247,7494844141,446206,WARD_PLACED,YELLOW_TRINKET
4.0,480247,7494844141,449079,WARD_PLACED,YELLOW_TRINKET
10.0,480247,7494844141,456427,WARD_PLACED,YELLOW_TRINKET
10.0,480247,7494844141,469356,WARD_PLACED,YELLOW_TRINKET
5.0,480247,7494844141,477172,WARD_PLACED,YELLOW_TRINKET
2.0,480247,7494844141,480147,WARD_PLACED,YELLOW_TRINKET
7.0,540255,7494844141,503549,WARD_PLACED,YELLOW_TRINKET
3.0,540255,7494844141,504450,WARD_PLACED,YELLOW_TRINKET
5.0,540255,7494844141,525416,WARD_PLACED,SIGHT_WARD
5.0,540255,7494844141,529024,WARD_PLACED,SIGHT_WARD
5.0,600270,7494844141,551247,WARD_PLACED,CONTROL_WARD
8.0,600270,7494844141,599602,WARD_PLACED,YELLOW_TRINKET
6.0,660285,7494844141,611669,WARD_PLACED,SIGHT_WARD
6.0,660285,7494844141,630317,WARD_PLACED,SIGHT_WARD
1.0,660285,7494844141,645286,WARD_PLACED,CONTROL_WARD
3.0,720305,7494844141,663191,WARD_PLACED,YELLOW_TRINKET
5.0,720305,7494844141,674521,WARD_PLACED,CONTROL_WARD
5.0,720305,7494844141,675657,WARD_PLACED,SIGHT_WARD
5.0,720305,7494844141,681048,WARD_PLACED,SIGHT_WARD
6.0,720305,7494844141,681583,WARD_PLACED,SIGHT_WARD
9.0,720305,7494844141,687828,WARD_PLACED,YELLOW_TRINKET
10.0,720305,7494844141,694175,WARD_PLACED,YELLOW_TRINKET
5.0,720305,7494844141,697916,WARD_PLACED,SIGHT_WARD
9.0,720305,7494844141,709645,WARD_PLACED,YELLOW_TRINKET
4.0,720305,7494844141,710680,WARD_PLACED,YELLOW_TRINKET
4.0,780322,7494844141,734207,WARD_PLACED,YELLOW_TRINKET
5.0,780322,7494844141,748068,WARD_PLACED,SIGHT_WARD
7.0,780322,7494844141,752411,WARD_PLACED,CONTROL_WARD
5.0,780322,7494844141,767419,WARD_PLACED,SIGHT_WARD
2.0,780322,7494844141,768154,WARD_PLACED,YELLOW_TRINKET
5.0,780322,7494844141,773379,WARD_PLACED,SIGHT_WARD
6.0,780322,7494844141,773846,WARD_PLACED,SIGHT_WARD
8.0,780322,7494844141,778188,WARD_PLACED,YELLOW_TRINKET
6.0,840348,7494844141,810059,WARD_PLACED,SIGHT_WARD
9.0,840348,7494844141,811362,WARD_PLACED,CONTROL_WARD
3.0,840348,7494844141,815981,WARD_PLACED,YELLOW_TRINKET
2.0,900376,7494844141,854582,WARD_PLACED,CONTROL_WARD
2.0,900376,7494844141,888761,WARD_PLACED,YELLOW_TRINKET
10.0,900376,7494844141,899818,WARD_PLACED,BLUE_TRINKET
5.0,960391,7494844141,901712,WARD_PLACED,SIGHT_WARD
4.0,960391,7494844141,912338,WARD_PLACED,BLUE_TRINKET
6.0,960391,7494844141,914543,WARD_PLACED,SIGHT_WARD
6.0,960391,7494844141,932702,WARD_PLACED,SIGHT_WARD
5.0,960391,7494844141,958554,WARD_PLACED,SIGHT_WARD
5.0,1020409,7494844141,961059,WARD_PLACED,SIGHT_WARD
7.0,1020409,7494844141,971446,WARD_PLACED,CONTROL_WARD
2.0,1020409,7494844141,972281,WARD_PLACED,YELLOW_TRINKET
3.0,1020409,7494844141,999944,WARD_PLACED,YELLOW_TRINKET
5.0,1020409,7494844141,1007827,WARD_PLACED,SIGHT_WARD
9.0,1020409,7494844141,1009664,WARD_PLACED,YELLOW_TRINKET
8.0,1020409,7494844141,1011066,WARD_PLACED,YELLOW_TRINKET
5.0,1080412,7494844141,1025052,WARD_PLACED,CONTROL_WARD
6.0,1080412,7494844141,1040142,WARD_PLACED,SIGHT_WARD
6.0,1080412,7494844141,1054549,WARD_PLACED,SIGHT_WARD
5.0,1080412,7494844141,1057360,WARD_PLACED,SIGHT_WARD
4.0,1080412,7494844141,1067290,WARD_PLACED,BLUE_TRINKET
2.0,1140417,7494844141,1104443,WARD_PLACED,YELLOW_TRINKET
8.0,1140417,7494844141,1114908,WARD_PLACED,YELLOW_TRINKET
3.0,1140417,7494844141,1140125,WARD_PLACED,YELLOW_TRINKET
1.0,1200429,7494844141,1175578,WARD_PLACED,CONTROL_WARD
10.0,1200429,7494844141,1179252,WARD_PLACED,BLUE_TRINKET
7.0,1200429,7494844141,1188291,WARD_PLACED,YELLOW_TRINKET
5.0,1200429,7494844141,1191544,WARD_PLACED,SIGHT_WARD
6.0,1260462,7494844141,1234492,WARD_PLACED,SIGHT_WARD
6.0,1260462,7494844141,1236864,WARD_PLACED,SIGHT_WARD
8.0,1260462,7494844141,1251753,WARD_PLACED,BLUE_TRINKET
5.0,1320470,7494844141,1272837,WARD_PLACED,SIGHT_WARD
6.0,1320470,7494844141,1283738,WARD_PLACED,SIGHT_WARD
2.0,1320470,7494844141,1289516,WARD_PLACED,CONTROL_WARD
4.0,1320470,7494844141,1290452,WARD_PLACED,BLUE_TRINKET
5.0,1320470,7494844141,1294259,WARD_PLACED,SIGHT_WARD
6.0,1320470,7494844141,1299202,WARD_PLACED,SIGHT_WARD
5.0,1320470,7494844141,1311248,WARD_PLACED,SIGHT_WARD
9.0,1320470,7494844141,1312884,WARD_PLACED,CONTROL_WARD
3.0,1320470,7494844141,1314554,WARD_PLACED,YELLOW_TRINKET
7.0,1380471,7494844141,1324978,WARD_PLACED,CONTROL_WARD
5.0,1380471,7494844141,1334932,WARD_PLACED,SIGHT_WARD
5.0,1380471,7494844141,1340120,WARD_PLACED,CONTROL_WARD
5.0,1380471,7494844141,1369995,WARD_PLACED,CONTROL_WARD
6.0,1440482,7494844141,1384880,WARD_PLACED,SIGHT_WARD
8.0,1440482,7494844141,1391006,WARD_PLACED,BLUE_TRINKET
6.0,1440482,7494844141,1407933,WARD_PLACED,CONTROL_WARD
6.0,1440482,7494844141,1411607,WARD_PLACED,SIGHT_WARD
5.0,1440482,7494844141,1423282,WARD_PLACED,SIGHT_WARD
4.0,1500494,7494844141,1447172,WARD_PLACED,BLUE_TRINKET
7.0,1500494,7494844141,1474904,WARD_PLACED,CONTROL_WARD
1.0,1500494,7494844141,1493530,WARD_PLACED,CONTROL_WARD
6.0,1560520,7494844141,1506686,WARD_PLACED,SIGHT_WARD
7.0,1560520,7494844141,1510728,WARD_PLACED,YELLOW_TRINKET
6.0,1560520,7494844141,1533927,WARD_PLACED,CONTROL_WARD
10.0,1560520,7494844141,1546435,WARD_PLACED,BLUE_TRINKET
5.0,1620528,7494844141,1578364,WARD_PLACED,SIGHT_WARD
4.0,1620528,7494844141,1578631,WARD_PLACED,BLUE_TRINKET
8.0,1620528,7494844141,1584450,WARD_PLACED,BLUE_TRINKET
5.0,1620528,7494844141,1606282,WARD_PLACED,CONTROL_WARD
5.0,1620528,7494844141,1612105,WARD_PLACED,SIGHT_WARD
6.0,1680552,7494844141,1639869,WARD_PLACED,SIGHT_WARD
3.0,1680552,7494844141,1642824,WARD_PLACED,YELLOW_TRINKET
6.0,1680552,7494844141,1647133,WARD_PLACED,SIGHT_WARD
2.0,1680552,7494844141,1661903,WARD_PLACED,CONTROL_WARD
5.0,1680552,7494844141,1669638,WARD_PLACED,SIGHT_WARD
5.0,1740563,7494844141,1681161,WARD_PLACED,SIGHT_WARD
10.0,1740563,7494844141,1682330,WARD_PLACED,BLUE_TRINKET
5.0,1740563,7494844141,1687874,WARD_PLACED,SIGHT_WARD
6.0,1740563,7494844141,1688676,WARD_PLACED,SIGHT_WARD
6.0,1740563,7494844141,1691232,WARD_PLACED,SIGHT_WARD
5.0,1800583,7494844141,1782450,WARD_PLACED,SIGHT_WARD
8.0,1800583,7494844141,1784855,WARD_PLACED,BLUE_TRINKET
5.0,1800583,7494844141,1785757,WARD_PLACED,CONTROL_WARD
5.0,1800583,7494844141,1798326,WARD_PLACED,SIGHT_WARD
3.0,1860603,7494844141,1822956,WARD_PLACED,YELLOW_TRINKET
5.0,1860603,7494844141,1831944,WARD_PLACED,SIGHT_WARD
5.0,1860603,7494844141,1836419,WARD_PLACED,SIGHT_WARD
6.0,1860603,7494844141,1839192,WARD_PLACED,SIGHT_WARD
4.0,1860603,7494844141,1841481,WARD_PLACED,BLUE_TRINKET
6.0,1860603,7494844141,1845957,WARD_PLACED,SIGHT_WARD
6.0,1860603,7494844141,1848195,WARD_PLACED,CONTROL_WARD
3.0,1860603,7494844141,1850032,WARD_PLACED,YELLOW_TRINKET
7.0,1920615,7494844141,1867185,WARD_PLACED,CONTROL_WARD
1.0,1920615,7494844141,1873647,WARD_PLACED,CONTROL_WARD
2.0,1920615,7494844141,1873981,WARD_PLACED,CONTROL_WARD
5.0,1920615,7494844141,1878189,WARD_PLACED,SIGHT_WARD
5.0,1920615,7494844141,1890776,WARD_PLACED,SIGHT_WARD
8.0,1920615,7494844141,1901073,WARD_PLACED,BLUE_TRINKET
2.0,1980632,7494844141,1951868,WARD_PLACED,CONTROL_WARD
5.0,1980632,7494844141,1956678,WARD_PLACED,CONTROL_WARD
6.0,1980632,7494844141,1963012,WARD_PLACED,SIGHT_WARD
6.0,1980632,7494844141,1964682,WARD_PLACED,SIGHT_WARD
4.0,1980632,7494844141,1967455,WARD_PLACED,BLUE_TRINKET
5.0,1980632,7494844141,1968724,WARD_PLACED,CONTROL_WARD
6.0,1980632,7494844141,1969459,WARD_PLACED,SIGHT_WARD
5.0,1980632,7494844141,1972966,WARD_PLACED,SIGHT_WARD
7.0,2040645,7494844141,1983606,WARD_PLACED,CONTROL_WARD
5.0,2040645,7494844141,1988382,WARD_PLACED,SIGHT_WARD
6.0,2040645,7494844141,1999118,WARD_PLACED,SIGHT_WARD
5.0,2040645,7494844141,2015626,WARD_PLACED,SIGHT_WARD
6.0,2040645,7494844141,2015659,WARD_PLACED,CONTROL_WARD
10.0,2040645,7494844141,2030869,WARD_PLACED,BLUE_TRINKET
8.0,2040645,7494844141,2032228,WARD_PLACED,BLUE_TRINKET
5.0,2100675,7494844141,2059616,WARD_PLACED,SIGHT_WARD
7.0,2100675,7494844141,2077938,WARD_PLACED,YELLOW_TRINKET
4.0,2100675,7494844141,2087291,WARD_PLACED,BLUE_TRINKET
7.0,2100675,7494844141,2100035,WARD_PLACED,YELLOW_TRINKET
2.0,60032,7286919833,51348,WARD_PLACED,YELLOW_TRINKET
7.0,60032,7286919833,57928,WARD_PLACED,YELLOW_TRINKET
6.0,120056,7286919833,92368,WARD_PLACED,YELLOW_TRINKET
7.0,180107,7286919833,126903,WARD_PLACED,UNDEFINED
10.0,180107,7286919833,127638,WARD_PLACED,YELLOW_TRINKET
7.0,180107,7286919833,144038,WARD_PLACED,UNDEFINED
5.0,180107,7286919833,145641,WARD_PLACED,YELLOW_TRINKET
7.0,180107,7286919833,157431,WARD_PLACED,UNDEFINED
4.0,180107,7286919833,165047,WARD_PLACED,YELLOW_TRINKET
7.0,180107,7286919833,170858,WARD_PLACED,UNDEFINED
8.0,240130,7286919833,226636,WARD_PLACED,YELLOW_TRINKET
9.0,240130,7286919833,235622,WARD_PLACED,YELLOW_TRINKET
5.0,300163,7286919833,240764,WARD_PLACED,YELLOW_TRINKET
6.0,300163,7286919833,241633,WARD_PLACED,YELLOW_TRINKET
7.0,300163,7286919833,269872,WARD_PLACED,UNDEFINED
10.0,300163,7286919833,285670,WARD_PLACED,YELLOW_TRINKET
1.0,360177,7286919833,301132,WARD_PLACED,YELLOW_TRINKET
7.0,360177,7286919833,305675,WARD_PLACED,UNDEFINED
1.0,360177,7286919833,306543,WARD_PLACED,YELLOW_TRINKET
5.0,360177,7286919833,310084,WARD_PLACED,CONTROL_WARD
9.0,360177,7286919833,320583,WARD_PLACED,YELLOW_TRINKET
2.0,360177,7286919833,330373,WARD_PLACED,YELLOW_TRINKET
7.0,360177,7286919833,353631,WARD_PLACED,CONTROL_WARD
3.0,420206,7286919833,360512,WARD_PLACED,YELLOW_TRINKET
10.0,420206,7286919833,363217,WARD_PLACED,CONTROL_WARD
7.0,420206,7286919833,379217,WARD_PLACED,UNDEFINED
3.0,420206,7286919833,401295,WARD_PLACED,YELLOW_TRINKET
7.0,420206,7286919833,414656,WARD_PLACED,UNDEFINED
8.0,420206,7286919833,417867,WARD_PLACED,YELLOW_TRINKET
7.0,480229,7286919833,427921,WARD_PLACED,UNDEFINED
7.0,480229,7286919833,440847,WARD_PLACED,UNDEFINED
5.0,480229,7286919833,444421,WARD_PLACED,CONTROL_WARD
4.0,480229,7286919833,448162,WARD_PLACED,YELLOW_TRINKET
6.0,480229,7286919833,449564,WARD_PLACED,CONTROL_WARD
4.0,480229,7286919833,450299,WARD_PLACED,YELLOW_TRINKET
5.0,480229,7286919833,464428,WARD_PLACED,YELLOW_TRINKET
10.0,480229,7286919833,467835,WARD_PLACED,CONTROL_WARD
10.0,480229,7286919833,469472,WARD_PLACED,YELLOW_TRINKET
9.0,480229,7286919833,476853,WARD_PLACED,YELLOW_TRINKET
7.0,540234,7286919833,487243,WARD_PLACED,UNDEFINED
2.0,540234,7286919833,496563,WARD_PLACED,YELLOW_TRINKET
7.0,540234,7286919833,500738,WARD_PLACED,UNDEFINED
1.0,540234,7286919833,513464,WARD_PLACED,YELLOW_TRINKET
8.0,540234,7286919833,521851,WARD_PLACED,CONTROL_WARD
7.0,540234,7286919833,522519,WARD_PLACED,UNDEFINED
3.0,540234,7286919833,527930,WARD_PLACED,CONTROL_WARD
7.0,540234,7286919833,535584,WARD_PLACED,UNDEFINED
10.0,600259,7286919833,563283,WARD_PLACED,SIGHT_WARD
5.0,600259,7286919833,580587,WARD_PLACED,YELLOW_TRINKET
7.0,600259,7286919833,587234,WARD_PLACED,UNDEFINED
7.0,600259,7286919833,599792,WARD_PLACED,UNDEFINED
3.0,660265,7286919833,602733,WARD_PLACED,YELLOW_TRINKET
5.0,660265,7286919833,632704,WARD_PLACED,SIGHT_WARD
7.0,660265,7286919833,639317,WARD_PLACED,UNDEFINED
10.0,660265,7286919833,640987,WARD_PLACED,SIGHT_WARD
3.0,660265,7286919833,642022,WARD_PLACED,CONTROL_WARD
2.0,660265,7286919833,643258,WARD_PLACED,YELLOW_TRINKET
10.0,660265,7286919833,644761,WARD_PLACED,SIGHT_WARD
9.0,660265,7286919833,645997,WARD_PLACED,YELLOW_TRINKET
10.0,660265,7286919833,652577,WARD_PLACED,SIGHT_WARD
7.0,660265,7286919833,658789,WARD_PLACED,UNDEFINED
8.0,720279,7286919833,688733,WARD_PLACED,YELLOW_TRINKET
5.0,720279,7286919833,710994,WARD_PLACED,SIGHT_WARD
8.0,720279,7286919833,711862,WARD_PLACED,YELLOW_TRINKET
4.0,720279,7286919833,713699,WARD_PLACED,YELLOW_TRINKET
7.0,720279,7286919833,717741,WARD_PLACED,UNDEFINED
5.0,780286,7286919833,720647,WARD_PLACED,SIGHT_WARD
1.0,780286,7286919833,751798,WARD_PLACED,YELLOW_TRINKET
10.0,780286,7286919833,753468,WARD_PLACED,SIGHT_WARD
5.0,780286,7286919833,755538,WARD_PLACED,SIGHT_WARD
7.0,780286,7286919833,760758,WARD_PLACED,UNDEFINED
6.0,780286,7286919833,777095,WARD_PLACED,YELLOW_TRINKET
7.0,780286,7286919833,778598,WARD_PLACED,UNDEFINED
10.0,840302,7286919833,785798,WARD_PLACED,CONTROL_WARD
7.0,840302,7286919833,789709,WARD_PLACED,UNDEFINED
10.0,840302,7286919833,798125,WARD_PLACED,CONTROL_WARD
7.0,840302,7286919833,799929,WARD_PLACED,UNDEFINED
10.0,840302,7286919833,803608,WARD_PLACED,SIGHT_WARD
7.0,840302,7286919833,811063,WARD_PLACED,UNDEFINED
7.0,840302,7286919833,824490,WARD_PLACED,UNDEFINED
7.0,900306,7286919833,842540,WARD_PLACED,UNDEFINED
5.0,900306,7286919833,852731,WARD_PLACED,SIGHT_WARD
8.0,900306,7286919833,854709,WARD_PLACED,YELLOW_TRINKET
10.0,900306,7286919833,859185,WARD_PLACED,SIGHT_WARD
5.0,900306,7286919833,867973,WARD_PLACED,SIGHT_WARD
7.0,900306,7286919833,887733,WARD_PLACED,UNDEFINED
7.0,900306,7286919833,898599,WARD_PLACED,UNDEFINED
10.0,960333,7286919833,902143,WARD_PLACED,CONTROL_WARD
7.0,960333,7286919833,910365,WARD_PLACED,UNDEFINED
5.0,960333,7286919833,911635,WARD_PLACED,CONTROL_WARD
7.0,960333,7286919833,920321,WARD_PLACED,CONTROL_WARD
10.0,960333,7286919833,920622,WARD_PLACED,CONTROL_WARD
1.0,960333,7286919833,922592,WARD_PLACED,YELLOW_TRINKET
10.0,960333,7286919833,924429,WARD_PLACED,SIGHT_WARD
7.0,960333,7286919833,924864,WARD_PLACED,UNDEFINED
5.0,960333,7286919833,932124,WARD_PLACED,SIGHT_WARD
7.0,960333,7286919833,936232,WARD_PLACED,UNDEFINED
10.0,960333,7286919833,951782,WARD_PLACED,SIGHT_WARD
9.0,1020350,7286919833,965110,WARD_PLACED,YELLOW_TRINKET
7.0,1020350,7286919833,993873,WARD_PLACED,UNDEFINED
7.0,1020350,7286919833,1005029,WARD_PLACED,UNDEFINED
10.0,1020350,7286919833,1007534,WARD_PLACED,CONTROL_WARD
5.0,1020350,7286919833,1009772,WARD_PLACED,SIGHT_WARD
1.0,1020350,7286919833,1020250,WARD_PLACED,YELLOW_TRINKET
10.0,1080381,7286919833,1021719,WARD_PLACED,SIGHT_WARD
5.0,1080381,7286919833,1022655,WARD_PLACED,CONTROL_WARD
5.0,1080381,7286919833,1025761,WARD_PLACED,SIGHT_WARD
7.0,1080381,7286919833,1033388,WARD_PLACED,CONTROL_WARD
10.0,1080381,7286919833,1035025,WARD_PLACED,SIGHT_WARD
10.0,1080381,7286919833,1043085,WARD_PLACED,CONTROL_WARD
7.0,1080381,7286919833,1048002,WARD_PLACED,UNDEFINED
2.0,1080381,7286919833,1051209,WARD_PLACED,YELLOW_TRINKET
10.0,1080381,7286919833,1052679,WARD_PLACED,SIGHT_WARD
7.0,1080381,7286919833,1063410,WARD_PLACED,UNDEFINED
10.0,1080381,7286919833,1066649,WARD_PLACED,SIGHT_WARD
8.0,1080381,7286919833,1073249,WARD_PLACED,YELLOW_TRINKET
5.0,1140402,7286919833,1103671,WARD_PLACED,CONTROL_WARD
5.0,1140402,7286919833,1108820,WARD_PLACED,SIGHT_WARD
5.0,1140402,7286919833,1111993,WARD_PLACED,SIGHT_WARD
7.0,1140402,7286919833,1118639,WARD_PLACED,UNDEFINED
8.0,1140402,7286919833,1124197,WARD_PLACED,CONTROL_WARD
7.0,1140402,7286919833,1136655,WARD_PLACED,UNDEFINED
10.0,1200405,7286919833,1143341,WARD_PLACED,SIGHT_WARD
7.0,1200405,7286919833,1150221,WARD_PLACED,UNDEFINED
10.0,1200405,7286919833,1164406,WARD_PLACED,SIGHT_WARD
7.0,1200405,7286919833,1166543,WARD_PLACED,UNDEFINED
8.0,1200405,7286919833,1167077,WARD_PLACED,BLUE_TRINKET
3.0,1200405,7286919833,1170217,WARD_PLACED,CONTROL_WARD
9.0,1200405,7286919833,1181743,WARD_PLACED,CONTROL_WARD
10.0,1200405,7286919833,1183213,WARD_PLACED,CONTROL_WARD
5.0,1260427,7286919833,1218555,WARD_PLACED,SIGHT_WARD
6.0,1260427,7286919833,1220659,WARD_PLACED,CONTROL_WARD
7.0,1260427,7286919833,1229510,WARD_PLACED,UNDEFINED
5.0,1260427,7286919833,1237663,WARD_PLACED,SIGHT_WARD
7.0,1260427,7286919833,1238732,WARD_PLACED,CONTROL_WARD
7.0,1260427,7286919833,1244143,WARD_PLACED,UNDEFINED
10.0,1260427,7286919833,1246648,WARD_PLACED,SIGHT_WARD
5.0,1260427,7286919833,1254700,WARD_PLACED,SIGHT_WARD
10.0,1320442,7286919833,1260995,WARD_PLACED,SIGHT_WARD
10.0,1320442,7286919833,1265738,WARD_PLACED,SIGHT_WARD
7.0,1320442,7286919833,1267942,WARD_PLACED,UNDEFINED
5.0,1320442,7286919833,1279542,WARD_PLACED,CONTROL_WARD
7.0,1320442,7286919833,1281680,WARD_PLACED,UNDEFINED
1.0,1320442,7286919833,1283165,WARD_PLACED,YELLOW_TRINKET
10.0,1320442,7286919833,1292460,WARD_PLACED,SIGHT_WARD
7.0,1320442,7286919833,1293896,WARD_PLACED,UNDEFINED
7.0,1320442,7286919833,1294831,WARD_PLACED,CONTROL_WARD
6.0,1320442,7286919833,1298071,WARD_PLACED,BLUE_TRINKET
5.0,1320442,7286919833,1304958,WARD_PLACED,SIGHT_WARD
4.0,1320442,7286919833,1306094,WARD_PLACED,BLUE_TRINKET
9.0,1320442,7286919833,1306695,WARD_PLACED,BLUE_TRINKET
7.0,1320442,7286919833,1306862,WARD_PLACED,UNDEFINED
7.0,1320442,7286919833,1317799,WARD_PLACED,UNDEFINED
10.0,1380470,7286919833,1329868,WARD_PLACED,CONTROL_WARD
5.0,1380470,7286919833,1332640,WARD_PLACED,CONTROL_WARD
8.0,1380470,7286919833,1353932,WARD_PLACED,BLUE_TRINKET
10.0,1380470,7286919833,1359744,WARD_PLACED,SIGHT_WARD
10.0,1380470,7286919833,1368896,WARD_PLACED,SIGHT_WARD
2.0,1380470,7286919833,1374674,WARD_PLACED,BLUE_TRINKET
10.0,1380470,7286919833,1377453,WARD_PLACED,SIGHT_WARD
1.0,1380470,7286919833,1380370,WARD_PLACED,YELLOW_TRINKET
10.0,1440475,7286919833,1391372,WARD_PLACED,SIGHT_WARD
7.0,1440475,7286919833,1396133,WARD_PLACED,UNDEFINED
7.0,1440475,7286919833,1401555,WARD_PLACED,CONTROL_WARD
7.0,1440475,7286919833,1410588,WARD_PLACED,UNDEFINED
7.0,1440475,7286919833,1421988,WARD_PLACED,UNDEFINED
10.0,1440475,7286919833,1425440,WARD_PLACED,CONTROL_WARD
7.0,1500477,7286919833,1471909,WARD_PLACED,UNDEFINED
7.0,1500477,7286919833,1484785,WARD_PLACED,UNDEFINED
3.0,1500477,7286919833,1499063,WARD_PLACED,CONTROL_WARD
4.0,60002,7279007354,34183,WARD_PLACED,YELLOW_TRINKET
3.0,180100,7279007354,125530,WARD_PLACED,YELLOW_TRINKET
10.0,180100,7279007354,126031,WARD_PLACED,YELLOW_TRINKET
7.0,180100,7279007354,130272,WARD_PLACED,YELLOW_TRINKET
6.0,180100,7279007354,136692,WARD_PLACED,YELLOW_TRINKET
9.0,240124,7279007354,201890,WARD_PLACED,YELLOW_TRINKET
9.0,300129,7279007354,288411,WARD_PLACED,UNDEFINED
3.0,360134,7279007354,300230,WARD_PLACED,YELLOW_TRINKET
6.0,360134,7279007354,308580,WARD_PLACED,CONTROL_WARD
10.0,360134,7279007354,318537,WARD_PLACED,CONTROL_WARD
2.0,360134,7279007354,327655,WARD_PLACED,YELLOW_TRINKET
9.0,360134,7279007354,328323,WARD_PLACED,YELLOW_TRINKET
9.0,360134,7279007354,357295,WARD_PLACED,UNDEFINED
8.0,420141,7279007354,408213,WARD_PLACED,YELLOW_TRINKET
1.0,420141,7279007354,414563,WARD_PLACED,YELLOW_TRINKET
8.0,420141,7279007354,414997,WARD_PLACED,YELLOW_TRINKET
9.0,480141,7279007354,424717,WARD_PLACED,UNDEFINED
9.0,480141,7279007354,432203,WARD_PLACED,UNDEFINED
4.0,480141,7279007354,437613,WARD_PLACED,YELLOW_TRINKET
5.0,480141,7279007354,442690,WARD_PLACED,YELLOW_TRINKET
5.0,480141,7279007354,471956,WARD_PLACED,YELLOW_TRINKET
9.0,540148,7279007354,482212,WARD_PLACED,UNDEFINED
9.0,540148,7279007354,485485,WARD_PLACED,UNDEFINED
1.0,540148,7279007354,518504,WARD_PLACED,YELLOW_TRINKET
3.0,540148,7279007354,528833,WARD_PLACED,CONTROL_WARD
3.0,540148,7279007354,531539,WARD_PLACED,SIGHT_WARD
4.0,540148,7279007354,533676,WARD_PLACED,YELLOW_TRINKET
3.0,600158,7279007354,540950,WARD_PLACED,SIGHT_WARD
3.0,600158,7279007354,547196,WARD_PLACED,SIGHT_WARD
9.0,600158,7279007354,550035,WARD_PLACED,UNDEFINED
9.0,600158,7279007354,560225,WARD_PLACED,CONTROL_WARD
9.0,600158,7279007354,564133,WARD_PLACED,UNDEFINED
6.0,600158,7279007354,569344,WARD_PLACED,YELLOW_TRINKET
8.0,660184,7279007354,614665,WARD_PLACED,YELLOW_TRINKET
6.0,660184,7279007354,626898,WARD_PLACED,YELLOW_TRINKET
9.0,660184,7279007354,629169,WARD_PLACED,UNDEFINED
9.0,660184,7279007354,639166,WARD_PLACED,UNDEFINED
10.0,660184,7279007354,646993,WARD_PLACED,SIGHT_WARD
9.0,720211,7279007354,664993,WARD_PLACED,YELLOW_TRINKET
9.0,720211,7279007354,667531,WARD_PLACED,UNDEFINED
5.0,720211,7279007354,671974,WARD_PLACED,YELLOW_TRINKET
9.0,780227,7279007354,735490,WARD_PLACED,UNDEFINED
9.0,780227,7279007354,736760,WARD_PLACED,YELLOW_TRINKET
1.0,780227,7279007354,739899,WARD_PLACED,YELLOW_TRINKET
9.0,780227,7279007354,742872,WARD_PLACED,UNDEFINED
6.0,780227,7279007354,750171,WARD_PLACED,YELLOW_TRINKET
3.0,780227,7279007354,759780,WARD_PLACED,SIGHT_WARD
3.0,780227,7279007354,763421,WARD_PLACED,SIGHT_WARD
9.0,780227,7279007354,771812,WARD_PLACED,UNDEFINED
8.0,780227,7279007354,775085,WARD_PLACED,YELLOW_TRINKET
1.0,840235,7279007354,785471,WARD_PLACED,YELLOW_TRINKET
9.0,840235,7279007354,811291,WARD_PLACED,UNDEFINED
9.0,840235,7279007354,825397,WARD_PLACED,UNDEFINED
5.0,840235,7279007354,834824,WARD_PLACED,YELLOW_TRINKET
9.0,840235,7279007354,835893,WARD_PLACED,UNDEFINED
10.0,900250,7279007354,842682,WARD_PLACED,SIGHT_WARD
9.0,900250,7279007354,852568,WARD_PLACED,YELLOW_TRINKET
3.0,900250,7279007354,856142,WARD_PLACED,SIGHT_WARD
3.0,900250,7279007354,892107,WARD_PLACED,CONTROL_WARD
3.0,900250,7279007354,898253,WARD_PLACED,SIGHT_WARD
6.0,960266,7279007354,914082,WARD_PLACED,CONTROL_WARD
9.0,960266,7279007354,939570,WARD_PLACED,UNDEFINED
9.0,960266,7279007354,945429,WARD_PLACED,UNDEFINED
10.0,960266,7279007354,954153,WARD_PLACED,CONTROL_WARD
8.0,960266,7279007354,960132,WARD_PLACED,YELLOW_TRINKET
9.0,1020287,7279007354,969875,WARD_PLACED,UNDEFINED
1.0,1020287,7279007354,975532,WARD_PLACED,YELLOW_TRINKET
10.0,1020287,7279007354,980275,WARD_PLACED,SIGHT_WARD
5.0,1020287,7279007354,983383,WARD_PLACED,YELLOW_TRINKET
2.0,1020287,7279007354,984251,WARD_PLACED,CONTROL_WARD
4.0,1020287,7279007354,1006775,WARD_PLACED,BLUE_TRINKET
9.0,1020287,7279007354,1007576,WARD_PLACED,UNDEFINED
9.0,1020287,7279007354,1015766,WARD_PLACED,UNDEFINED
1.0,1080299,7279007354,1020754,WARD_PLACED,CONTROL_WARD
3.0,1080299,7279007354,1022792,WARD_PLACED,SIGHT_WARD
10.0,1080299,7279007354,1022792,WARD_PLACED,SIGHT_WARD
3.0,1080299,7279007354,1024194,WARD_PLACED,SIGHT_WARD
10.0,1080299,7279007354,1031156,WARD_PLACED,SIGHT_WARD
3.0,1080299,7279007354,1033561,WARD_PLACED,SIGHT_WARD
9.0,1080299,7279007354,1068204,WARD_PLACED,UNDEFINED
3.0,1080299,7279007354,1078328,WARD_PLACED,SIGHT_WARD
6.0,1200331,7279007354,1166679,WARD_PLACED,YELLOW_TRINKET
2.0,1200331,7279007354,1168951,WARD_PLACED,CONTROL_WARD
3.0,1200331,7279007354,1174035,WARD_PLACED,SIGHT_WARD
8.0,1200331,7279007354,1180247,WARD_PLACED,YELLOW_TRINKET
5.0,1200331,7279007354,1180615,WARD_PLACED,YELLOW_TRINKET
4.0,1200331,7279007354,1181082,WARD_PLACED,BLUE_TRINKET
3.0,1200331,7279007354,1181149,WARD_PLACED,SIGHT_WARD
1.0,1260352,7279007354,1206794,WARD_PLACED,BLUE_TRINKET
9.0,1260352,7279007354,1208932,WARD_PLACED,UNDEFINED
9.0,1260352,7279007354,1214994,WARD_PLACED,UNDEFINED
9.0,1260352,7279007354,1239473,WARD_PLACED,BLUE_TRINKET
10.0,1260352,7279007354,1242962,WARD_PLACED,SIGHT_WARD
9.0,1260352,7279007354,1246876,WARD_PLACED,UNDEFINED
1.0,1260352,7279007354,1248827,WARD_PLACED,CONTROL_WARD
3.0,1320359,7279007354,1267808,WARD_PLACED,CONTROL_WARD
9.0,1320359,7279007354,1268852,WARD_PLACED,UNDEFINED
8.0,1320359,7279007354,1275431,WARD_PLACED,BLUE_TRINKET
6.0,1380384,7279007354,1320560,WARD_PLACED,YELLOW_TRINKET
9.0,1380384,7279007354,1329553,WARD_PLACED,UNDEFINED
9.0,1380384,7279007354,1351356,WARD_PLACED,UNDEFINED
10.0,1380384,7279007354,1352458,WARD_PLACED,SIGHT_WARD
5.0,1380384,7279007354,1353159,WARD_PLACED,YELLOW_TRINKET
1.0,1380384,7279007354,1354395,WARD_PLACED,BLUE_TRINKET
3.0,1380384,7279007354,1367416,WARD_PLACED,SIGHT_WARD
8.0,1440398,7279007354,1381753,WARD_PLACED,CONTROL_WARD
9.0,1440398,7279007354,1386334,WARD_PLACED,UNDEFINED
9.0,1440398,7279007354,1395700,WARD_PLACED,UNDEFINED
3.0,1440398,7279007354,1398138,WARD_PLACED,SIGHT_WARD
9.0,1440398,7279007354,1405699,WARD_PLACED,BLUE_TRINKET
3.0,1440398,7279007354,1406568,WARD_PLACED,SIGHT_WARD
8.0,1440398,7279007354,1428560,WARD_PLACED,BLUE_TRINKET
4.0,1500406,7279007354,1475305,WARD_PLACED,BLUE_TRINKET
10.0,1500406,7279007354,1493358,WARD_PLACED,SIGHT_WARD
5.0,1500406,7279007354,1495495,WARD_PLACED,BLUE_TRINKET
10.0,1560415,7279007354,1503746,WARD_PLACED,SIGHT_WARD
9.0,1560415,7279007354,1509798,WARD_PLACED,UNDEFINED
9.0,1560415,7279007354,1512471,WARD_PLACED,UNDEFINED
3.0,1560415,7279007354,1524575,WARD_PLACED,SIGHT_WARD
10.0,1560415,7279007354,1526124,WARD_PLACED,SIGHT_WARD
10.0,1560415,7279007354,1529068,WARD_PLACED,CONTROL_WARD
1.0,1560415,7279007354,1532675,WARD_PLACED,BLUE_TRINKET
3.0,1560415,7279007354,1534980,WARD_PLACED,CONTROL_WARD
3.0,1560415,7279007354,1539938,WARD_PLACED,SIGHT_WARD
9.0,1560415,7279007354,1540940,WARD_PLACED,UNDEFINED
3.0,1560415,7279007354,1541675,WARD_PLACED,SIGHT_WARD
6.0,1560415,7279007354,1541741,WARD_PLACED,YELLOW_TRINKET
1.0,1620428,7279007354,1560582,WARD_PLACED,CONTROL_WARD
3.0,1620428,7279007354,1568060,WARD_PLACED,SIGHT_WARD
9.0,1620428,7279007354,1574437,WARD_PLACED,UNDEFINED
2.0,1620428,7279007354,1574804,WARD_PLACED,CONTROL_WARD
10.0,1620428,7279007354,1575038,WARD_PLACED,CONTROL_WARD
10.0,1620428,7279007354,1577877,WARD_PLACED,SIGHT_WARD
8.0,1620428,7279007354,1590654,WARD_PLACED,BLUE_TRINKET
3.0,1620428,7279007354,1597716,WARD_PLACED,SIGHT_WARD
9.0,1620428,7279007354,1605611,WARD_PLACED,UNDEFINED
9.0,1680446,7279007354,1621263,WARD_PLACED,UNDEFINED
5.0,1680446,7279007354,1646970,WARD_PLACED,BLUE_TRINKET
9.0,1680446,7279007354,1650577,WARD_PLACED,BLUE_TRINKET
6.0,1680446,7279007354,1666210,WARD_PLACED,YELLOW_TRINKET
9.0,1740459,7279007354,1688182,WARD_PLACED,UNDEFINED
3.0,1740459,7279007354,1692873,WARD_PLACED,CONTROL_WARD
3.0,1740459,7279007354,1693307,WARD_PLACED,SIGHT_WARD
3.0,1740459,7279007354,1702959,WARD_PLACED,SIGHT_WARD
9.0,1740459,7279007354,1703694,WARD_PLACED,UNDEFINED
3.0,1740459,7279007354,1715197,WARD_PLACED,SIGHT_WARD
3.0,1800464,7279007354,1747978,WARD_PLACED,SIGHT_WARD
10.0,1800464,7279007354,1751059,WARD_PLACED,SIGHT_WARD
3.0,1800464,7279007354,1755335,WARD_PLACED,SIGHT_WARD
9.0,1800464,7279007354,1756804,WARD_PLACED,UNDEFINED
3.0,1800464,7279007354,1760821,WARD_PLACED,SIGHT_WARD
9.0,1800464,7279007354,1763494,WARD_PLACED,UNDEFINED
10.0,1800464,7279007354,1770051,WARD_PLACED,SIGHT_WARD
10.0,1800464,7279007354,1772389,WARD_PLACED,SIGHT_WARD
8.0,1800464,7279007354,1773091,WARD_PLACED,BLUE_TRINKET
3.0,1800464,7279007354,1777633,WARD_PLACED,SIGHT_WARD
9.0,1800464,7279007354,1778234,WARD_PLACED,UNDEFINED
5.0,1800464,7279007354,1780117,WARD_PLACED,BLUE_TRINKET
10.0,1860471,7279007354,1833484,WARD_PLACED,SIGHT_WARD
6.0,1860471,7279007354,1837225,WARD_PLACED,YELLOW_TRINKET
3.0,1920496,7279007354,1865514,WARD_PLACED,CONTROL_WARD
1.0,1920496,7279007354,1879207,WARD_PLACED,BLUE_TRINKET
10.0,1920496,7279007354,1880076,WARD_PLACED,SIGHT_WARD
10.0,1920496,7279007354,1885775,WARD_PLACED,SIGHT_WARD
8.0,1920496,7279007354,1895592,WARD_PLACED,BLUE_TRINKET
4.0,1920496,7279007354,1902525,WARD_PLACED,BLUE_TRINKET
1.0,1920496,7279007354,1902859,WARD_PLACED,CONTROL_WARD
5.0,1920496,7279007354,1904161,WARD_PLACED,BLUE_TRINKET
9.0,1920496,7279007354,1917757,WARD_PLACED,UNDEFINED
9.0,1980527,7279007354,1921133,WARD_PLACED,UNDEFINED
10.0,1980527,7279007354,1921834,WARD_PLACED,SIGHT_WARD
3.0,1980527,7279007354,1930192,WARD_PLACED,SIGHT_WARD
6.0,1980527,7279007354,1931185,WARD_PLACED,YELLOW_TRINKET
3.0,1980527,7279007354,1933022,WARD_PLACED,CONTROL_WARD
9.0,1980527,7279007354,1937723,WARD_PLACED,UNDEFINED
9.0,1980527,7279007354,1957249,WARD_PLACED,UNDEFINED
3.0,1980527,7279007354,1970625,WARD_PLACED,SIGHT_WARD
9.0,1980527,7279007354,1976516,WARD_PLACED,BLUE_TRINKET
3.0,2038851,7279007354,1985684,WARD_PLACED,SIGHT_WARD
4.0,2038851,7279007354,2032637,WARD_PLACED,BLUE_TRINKET
7.0,60014,7278919282,43378,WARD_PLACED,YELLOW_TRINKET
2.0,120017,7278919282,70706,WARD_PLACED,YELLOW_TRINKET
5.0,120017,7278919282,89714,WARD_PLACED,YELLOW_TRINKET
9.0,120017,7278919282,103743,WARD_PLACED,YELLOW_TRINKET
2.0,120017,7278919282,114238,WARD_PLACED,UNDEFINED
4.0,180044,7278919282,125094,WARD_PLACED,YELLOW_TRINKET
2.0,180044,7278919282,126664,WARD_PLACED,UNDEFINED
10.0,180044,7278919282,129805,WARD_PLACED,YELLOW_TRINKET
2.0,180044,7278919282,142430,WARD_PLACED,UNDEFINED
2.0,180044,7278919282,159000,WARD_PLACED,UNDEFINED
2.0,180044,7278919282,171326,WARD_PLACED,UNDEFINED
2.0,240072,7278919282,183601,WARD_PLACED,UNDEFINED
2.0,240072,7278919282,196028,WARD_PLACED,UNDEFINED
2.0,240072,7278919282,220825,WARD_PLACED,UNDEFINED
2.0,240072,7278919282,236966,WARD_PLACED,UNDEFINED
10.0,300126,7278919282,274212,WARD_PLACED,YELLOW_TRINKET
8.0,300126,7278919282,290498,WARD_PLACED,YELLOW_TRINKET
2.0,300126,7278919282,296744,WARD_PLACED,UNDEFINED
5.0,360152,7278919282,303566,WARD_PLACED,YELLOW_TRINKET
8.0,360152,7278919282,317294,WARD_PLACED,YELLOW_TRINKET
2.0,360152,7278919282,317695,WARD_PLACED,UNDEFINED
2.0,360152,7278919282,345017,WARD_PLACED,UNDEFINED
1.0,360152,7278919282,356077,WARD_PLACED,YELLOW_TRINKET
2.0,360152,7278919282,357881,WARD_PLACED,UNDEFINED
2.0,420173,7278919282,376362,WARD_PLACED,UNDEFINED
3.0,420173,7278919282,384378,WARD_PLACED,YELLOW_TRINKET
4.0,420173,7278919282,387387,WARD_PLACED,YELLOW_TRINKET
2.0,420173,7278919282,394070,WARD_PLACED,UNDEFINED
10.0,420173,7278919282,397343,WARD_PLACED,YELLOW_TRINKET
2.0,420173,7278919282,407105,WARD_PLACED,UNDEFINED
2.0,480193,7278919282,427321,WARD_PLACED,UNDEFINED
2.0,480193,7278919282,439333,WARD_PLACED,UNDEFINED
4.0,480193,7278919282,442340,WARD_PLACED,YELLOW_TRINKET
2.0,480193,7278919282,442406,WARD_PLACED,CONTROL_WARD
3.0,480193,7278919282,444210,WARD_PLACED,YELLOW_TRINKET
2.0,480193,7278919282,452409,WARD_PLACED,UNDEFINED
2.0,480193,7278919282,463944,WARD_PLACED,UNDEFINED
2.0,480193,7278919282,478389,WARD_PLACED,UNDEFINED
1.0,480193,7278919282,478656,WARD_PLACED,YELLOW_TRINKET
2.0,540197,7278919282,496102,WARD_PLACED,UNDEFINED
5.0,540197,7278919282,514388,WARD_PLACED,SIGHT_WARD
2.0,540197,7278919282,524816,WARD_PLACED,UNDEFINED
4.0,540197,7278919282,529039,WARD_PLACED,CONTROL_WARD
6.0,540197,7278919282,537022,WARD_PLACED,CONTROL_WARD
8.0,600206,7278919282,561145,WARD_PLACED,YELLOW_TRINKET
9.0,600206,7278919282,584563,WARD_PLACED,YELLOW_TRINKET
3.0,600206,7278919282,587202,WARD_PLACED,YELLOW_TRINKET
5.0,660233,7278919282,603848,WARD_PLACED,SIGHT_WARD
5.0,660233,7278919282,606487,WARD_PLACED,SIGHT_WARD
10.0,660233,7278919282,606520,WARD_PLACED,SIGHT_WARD
5.0,660233,7278919282,610695,WARD_PLACED,CONTROL_WARD
2.0,660233,7278919282,612198,WARD_PLACED,CONTROL_WARD
10.0,660233,7278919282,616006,WARD_PLACED,SIGHT_WARD
2.0,660233,7278919282,627699,WARD_PLACED,UNDEFINED
2.0,660233,7278919282,658486,WARD_PLACED,UNDEFINED
2.0,720237,7278919282,669756,WARD_PLACED,UNDEFINED
6.0,720237,7278919282,680523,WARD_PLACED,YELLOW_TRINKET
2.0,720237,7278919282,680757,WARD_PLACED,UNDEFINED
10.0,720237,7278919282,682092,WARD_PLACED,SIGHT_WARD
9.0,720237,7278919282,682460,WARD_PLACED,YELLOW_TRINKET
10.0,720237,7278919282,699895,WARD_PLACED,SIGHT_WARD
2.0,720237,7278919282,703403,WARD_PLACED,UNDEFINED
4.0,720237,7278919282,711868,WARD_PLACED,YELLOW_TRINKET
2.0,780267,7278919282,725949,WARD_PLACED,UNDEFINED
1.0,780267,7278919282,741977,WARD_PLACED,YELLOW_TRINKET
1.0,780267,7278919282,753803,WARD_PLACED,YELLOW_TRINKET
5.0,780267,7278919282,760988,WARD_PLACED,SIGHT_WARD
2.0,780267,7278919282,779519,WARD_PLACED,UNDEFINED
10.0,840293,7278919282,790054,WARD_PLACED,SIGHT_WARD
4.0,840293,7278919282,797853,WARD_PLACED,YELLOW_TRINKET
2.0,840293,7278919282,829485,WARD_PLACED,UNDEFINED
3.0,840293,7278919282,832057,WARD_PLACED,YELLOW_TRINKET
5.0,840293,7278919282,838289,WARD_PLACED,SIGHT_WARD
2.0,900317,7278919282,842667,WARD_PLACED,UNDEFINED
9.0,900317,7278919282,844772,WARD_PLACED,YELLOW_TRINKET
10.0,900317,7278919282,845673,WARD_PLACED,CONTROL_WARD
10.0,900317,7278919282,857440,WARD_PLACED,SIGHT_WARD
2.0,900317,7278919282,858878,WARD_PLACED,UNDEFINED
10.0,900317,7278919282,866664,WARD_PLACED,SIGHT_WARD
2.0,900317,7278919282,874734,WARD_PLACED,UNDEFINED
2.0,900317,7278919282,887634,WARD_PLACED,UNDEFINED
5.0,900317,7278919282,894429,WARD_PLACED,SIGHT_WARD
8.0,900317,7278919282,899913,WARD_PLACED,CONTROL_WARD
2.0,900317,7278919282,899980,WARD_PLACED,UNDEFINED
2.0,960319,7278919282,925175,WARD_PLACED,UNDEFINED
2.0,960319,7278919282,935645,WARD_PLACED,UNDEFINED
3.0,960319,7278919282,939502,WARD_PLACED,YELLOW_TRINKET
2.0,960319,7278919282,946145,WARD_PLACED,UNDEFINED
6.0,960319,7278919282,946312,WARD_PLACED,CONTROL_WARD
10.0,1020338,7278919282,964313,WARD_PLACED,SIGHT_WARD
2.0,1020338,7278919282,966017,WARD_PLACED,UNDEFINED
9.0,1020338,7278919282,976417,WARD_PLACED,YELLOW_TRINKET
2.0,1020338,7278919282,993909,WARD_PLACED,CONTROL_WARD
2.0,1020338,7278919282,999995,WARD_PLACED,UNDEFINED
10.0,1020338,7278919282,1006854,WARD_PLACED,SIGHT_WARD
6.0,1080343,7278919282,1022008,WARD_PLACED,YELLOW_TRINKET
2.0,1080343,7278919282,1023812,WARD_PLACED,UNDEFINED
2.0,1080343,7278919282,1037934,WARD_PLACED,UNDEFINED
2.0,1080343,7278919282,1056154,WARD_PLACED,UNDEFINED
1.0,1080343,7278919282,1060888,WARD_PLACED,YELLOW_TRINKET
9.0,1140362,7278919282,1130092,WARD_PLACED,YELLOW_TRINKET
6.0,1140362,7278919282,1132465,WARD_PLACED,YELLOW_TRINKET
5.0,1140362,7278919282,1133634,WARD_PLACED,SIGHT_WARD
2.0,1140362,7278919282,1138377,WARD_PLACED,UNDEFINED
3.0,1200378,7278919282,1141243,WARD_PLACED,BLUE_TRINKET
2.0,1200378,7278919282,1156957,WARD_PLACED,UNDEFINED
10.0,1200378,7278919282,1165119,WARD_PLACED,SIGHT_WARD
5.0,1200378,7278919282,1165787,WARD_PLACED,SIGHT_WARD
2.0,1200378,7278919282,1168161,WARD_PLACED,UNDEFINED
10.0,1200378,7278919282,1180339,WARD_PLACED,SIGHT_WARD
2.0,1200378,7278919282,1180874,WARD_PLACED,UNDEFINED
2.0,1260396,7278919282,1228925,WARD_PLACED,CONTROL_WARD
2.0,1260396,7278919282,1231302,WARD_PLACED,UNDEFINED
1.0,1260396,7278919282,1240432,WARD_PLACED,YELLOW_TRINKET
2.0,1320398,7278919282,1261278,WARD_PLACED,UNDEFINED
2.0,1380430,7278919282,1326169,WARD_PLACED,UNDEFINED
10.0,1380430,7278919282,1350916,WARD_PLACED,SIGHT_WARD
2.0,1380430,7278919282,1360702,WARD_PLACED,UNDEFINED
2.0,1380430,7278919282,1376638,WARD_PLACED,UNDEFINED
10.0,1380430,7278919282,1379548,WARD_PLACED,SIGHT_WARD
10.0,1440457,7278919282,1385473,WARD_PLACED,SIGHT_WARD
4.0,1440457,7278919282,1398537,WARD_PLACED,BLUE_TRINKET
2.0,1440457,7278919282,1423873,WARD_PLACED,UNDEFINED
2.0,1500457,7278919282,1491334,WARD_PLACED,UNDEFINED
10.0,1500457,7278919282,1491568,WARD_PLACED,SIGHT_WARD
3.0,1560484,7278919282,1501960,WARD_PLACED,BLUE_TRINKET
2.0,1560484,7278919282,1503930,WARD_PLACED,UNDEFINED
10.0,1560484,7278919282,1504799,WARD_PLACED,SIGHT_WARD
7.0,1560484,7278919282,1510790,WARD_PLACED,BLUE_TRINKET
2.0,1560484,7278919282,1519919,WARD_PLACED,UNDEFINED
2.0,1560484,7278919282,1545971,WARD_PLACED,UNDEFINED
9.0,120032,7278793285,91341,WARD_PLACED,YELLOW_TRINKET
1.0,180081,7278793285,125977,WARD_PLACED,YELLOW_TRINKET
7.0,180081,7278793285,133692,WARD_PLACED,YELLOW_TRINKET
3.0,240108,7278793285,217929,WARD_PLACED,YELLOW_TRINKET
4.0,240108,7278793285,228819,WARD_PLACED,YELLOW_TRINKET
1.0,240108,7278793285,229120,WARD_PLACED,CONTROL_WARD
9.0,300128,7278793285,241177,WARD_PLACED,YELLOW_TRINKET
1.0,300128,7278793285,288141,WARD_PLACED,YELLOW_TRINKET
4.0,300128,7278793285,288274,WARD_PLACED,YELLOW_TRINKET
6.0,300128,7278793285,291481,WARD_PLACED,YELLOW_TRINKET
8.0,300128,7278793285,295990,WARD_PLACED,YELLOW_TRINKET
10.0,300128,7278793285,296891,WARD_PLACED,CONTROL_WARD
3.0,360154,7278793285,308611,WARD_PLACED,YELLOW_TRINKET
10.0,360154,7278793285,311484,WARD_PLACED,CONTROL_WARD
2.0,360154,7278793285,324676,WARD_PLACED,YELLOW_TRINKET
5.0,360154,7278793285,353608,WARD_PLACED,YELLOW_TRINKET
1.0,420157,7278793285,370207,WARD_PLACED,CONTROL_WARD
8.0,420157,7278793285,372779,WARD_PLACED,YELLOW_TRINKET
10.0,420157,7278793285,382868,WARD_PLACED,YELLOW_TRINKET
5.0,480164,7278793285,430378,WARD_PLACED,YELLOW_TRINKET
1.0,480164,7278793285,440230,WARD_PLACED,YELLOW_TRINKET
4.0,480164,7278793285,449155,WARD_PLACED,TEEMO_MUSHROOM
4.0,480164,7278793285,462291,WARD_PLACED,TEEMO_MUSHROOM
2.0,480164,7278793285,475789,WARD_PLACED,YELLOW_TRINKET
4.0,480164,7278793285,476090,WARD_PLACED,TEEMO_MUSHROOM
4.0,540187,7278793285,497789,WARD_PLACED,YELLOW_TRINKET
6.0,540187,7278793285,512619,WARD_PLACED,YELLOW_TRINKET
4.0,540187,7278793285,518834,WARD_PLACED,TEEMO_MUSHROOM
4.0,600220,7278793285,540488,WARD_PLACED,TEEMO_MUSHROOM
8.0,600220,7278793285,548938,WARD_PLACED,YELLOW_TRINKET
2.0,600220,7278793285,556653,WARD_PLACED,YELLOW_TRINKET
9.0,600220,7278793285,558657,WARD_PLACED,YELLOW_TRINKET
4.0,600220,7278793285,592070,WARD_PLACED,TEEMO_MUSHROOM
1.0,600220,7278793285,597949,WARD_PLACED,CONTROL_WARD
5.0,660236,7278793285,603025,WARD_PLACED,CONTROL_WARD
1.0,660236,7278793285,604662,WARD_PLACED,SIGHT_WARD
4.0,660236,7278793285,652064,WARD_PLACED,YELLOW_TRINKET
4.0,660236,7278793285,658489,WARD_PLACED,TEEMO_MUSHROOM
4.0,720247,7278793285,671765,WARD_PLACED,TEEMO_MUSHROOM
1.0,720247,7278793285,680556,WARD_PLACED,SIGHT_WARD
4.0,720247,7278793285,681491,WARD_PLACED,TEEMO_MUSHROOM
1.0,720247,7278793285,686034,WARD_PLACED,CONTROL_WARD
1.0,720247,7278793285,694951,WARD_PLACED,SIGHT_WARD
8.0,720247,7278793285,697991,WARD_PLACED,YELLOW_TRINKET
4.0,720247,7278793285,705205,WARD_PLACED,TEEMO_MUSHROOM
4.0,780266,7278793285,728108,WARD_PLACED,TEEMO_MUSHROOM
2.0,780266,7278793285,741036,WARD_PLACED,YELLOW_TRINKET
6.0,780266,7278793285,751071,WARD_PLACED,YELLOW_TRINKET
10.0,780266,7278793285,755357,WARD_PLACED,SIGHT_WARD
10.0,780266,7278793285,757428,WARD_PLACED,CONTROL_WARD
4.0,780266,7278793285,765514,WARD_PLACED,TEEMO_MUSHROOM
5.0,780266,7278793285,774842,WARD_PLACED,CONTROL_WARD
9.0,780266,7278793285,778917,WARD_PLACED,YELLOW_TRINKET
4.0,840286,7278793285,794172,WARD_PLACED,TEEMO_MUSHROOM
4.0,840286,7278793285,805707,WARD_PLACED,YELLOW_TRINKET
7.0,840286,7278793285,806643,WARD_PLACED,CONTROL_WARD
4.0,840286,7278793285,825286,WARD_PLACED,TEEMO_MUSHROOM
1.0,840286,7278793285,830229,WARD_PLACED,SIGHT_WARD
4.0,900302,7278793285,850215,WARD_PLACED,TEEMO_MUSHROOM
1.0,900302,7278793285,850816,WARD_PLACED,SIGHT_WARD
10.0,900302,7278793285,857737,WARD_PLACED,SIGHT_WARD
10.0,900302,7278793285,860843,WARD_PLACED,SIGHT_WARD
8.0,900302,7278793285,864050,WARD_PLACED,YELLOW_TRINKET
9.0,900302,7278793285,866990,WARD_PLACED,YELLOW_TRINKET
10.0,900302,7278793285,871365,WARD_PLACED,SIGHT_WARD
4.0,900302,7278793285,891513,WARD_PLACED,TEEMO_MUSHROOM
1.0,900302,7278793285,894185,WARD_PLACED,SIGHT_WARD
2.0,900302,7278793285,894319,WARD_PLACED,YELLOW_TRINKET
1.0,900302,7278793285,900067,WARD_PLACED,CONTROL_WARD
1.0,960303,7278793285,917988,WARD_PLACED,SIGHT_WARD
4.0,960303,7278793285,938261,WARD_PLACED,TEEMO_MUSHROOM
4.0,960303,7278793285,949330,WARD_PLACED,TEEMO_MUSHROOM
6.0,960303,7278793285,955784,WARD_PLACED,CONTROL_WARD
9.0,1020310,7278793285,966482,WARD_PLACED,YELLOW_TRINKET
4.0,1020310,7278793285,979349,WARD_PLACED,TEEMO_MUSHROOM
4.0,1020310,7278793285,988583,WARD_PLACED,BLUE_TRINKET
4.0,1020310,7278793285,990460,WARD_PLACED,TEEMO_MUSHROOM
1.0,1020310,7278793285,1009007,WARD_PLACED,CONTROL_WARD
1.0,1080313,7278793285,1024050,WARD_PLACED,SIGHT_WARD
6.0,1080313,7278793285,1034077,WARD_PLACED,YELLOW_TRINKET
4.0,1080313,7278793285,1034812,WARD_PLACED,TEEMO_MUSHROOM
1.0,1080313,7278793285,1036215,WARD_PLACED,CONTROL_WARD
10.0,1080313,7278793285,1037951,WARD_PLACED,SIGHT_WARD
4.0,1080313,7278793285,1039320,WARD_PLACED,TEEMO_MUSHROOM
2.0,1080313,7278793285,1042526,WARD_PLACED,YELLOW_TRINKET
2.0,1080313,7278793285,1048219,WARD_PLACED,CONTROL_WARD
10.0,1080313,7278793285,1054131,WARD_PLACED,SIGHT_WARD
10.0,1080313,7278793285,1062628,WARD_PLACED,SIGHT_WARD
4.0,1080313,7278793285,1071852,WARD_PLACED,TEEMO_MUSHROOM
6.0,1080313,7278793285,1071986,WARD_PLACED,YELLOW_TRINKET
10.0,1080313,7278793285,1074257,WARD_PLACED,CONTROL_WARD
1.0,1140329,7278793285,1085524,WARD_PLACED,SIGHT_WARD
4.0,1140329,7278793285,1090115,WARD_PLACED,TEEMO_MUSHROOM
7.0,1140329,7278793285,1116515,WARD_PLACED,CONTROL_WARD
4.0,1140329,7278793285,1117082,WARD_PLACED,TEEMO_MUSHROOM
1.0,1140329,7278793285,1127711,WARD_PLACED,SIGHT_WARD
10.0,1140329,7278793285,1136113,WARD_PLACED,SIGHT_WARD
4.0,1200350,7278793285,1143937,WARD_PLACED,TEEMO_MUSHROOM
1.0,1200350,7278793285,1154165,WARD_PLACED,SIGHT_WARD
4.0,1200350,7278793285,1156102,WARD_PLACED,TEEMO_MUSHROOM
9.0,1200350,7278793285,1164870,WARD_PLACED,BLUE_TRINKET
4.0,1200350,7278793285,1181947,WARD_PLACED,TEEMO_MUSHROOM
4.0,1260353,7278793285,1204792,WARD_PLACED,TEEMO_MUSHROOM
2.0,1260353,7278793285,1248874,WARD_PLACED,YELLOW_TRINKET
9.0,1260353,7278793285,1253593,WARD_PLACED,CONTROL_WARD
4.0,1320362,7278793285,1277493,WARD_PLACED,TEEMO_MUSHROOM
1.0,1320362,7278793285,1278429,WARD_PLACED,SIGHT_WARD
4.0,1320362,7278793285,1279564,WARD_PLACED,TEEMO_MUSHROOM
1.0,1320362,7278793285,1286422,WARD_PLACED,SIGHT_WARD
4.0,1320362,7278793285,1291003,WARD_PLACED,TEEMO_MUSHROOM
6.0,1320362,7278793285,1291737,WARD_PLACED,YELLOW_TRINKET
4.0,1320362,7278793285,1302267,WARD_PLACED,TEEMO_MUSHROOM
10.0,1320362,7278793285,1304271,WARD_PLACED,SIGHT_WARD
4.0,1320362,7278793285,1310198,WARD_PLACED,TEEMO_MUSHROOM
10.0,1320362,7278793285,1310732,WARD_PLACED,SIGHT_WARD
10.0,1380371,7278793285,1331060,WARD_PLACED,SIGHT_WARD
4.0,1380371,7278793285,1335217,WARD_PLACED,TEEMO_MUSHROOM
4.0,1380371,7278793285,1342798,WARD_PLACED,TEEMO_MUSHROOM
10.0,1380371,7278793285,1345036,WARD_PLACED,CONTROL_WARD
1.0,1380371,7278793285,1347741,WARD_PLACED,CONTROL_WARD
4.0,1380371,7278793285,1360436,WARD_PLACED,TEEMO_MUSHROOM
1.0,1380371,7278793285,1377688,WARD_PLACED,SIGHT_WARD
4.0,1440399,7278793285,1390500,WARD_PLACED,TEEMO_MUSHROOM
1.0,1440399,7278793285,1392638,WARD_PLACED,SIGHT_WARD
4.0,1440399,7278793285,1395476,WARD_PLACED,TEEMO_MUSHROOM
4.0,1440399,7278793285,1421953,WARD_PLACED,TEEMO_MUSHROOM
1.0,1440399,7278793285,1424291,WARD_PLACED,CONTROL_WARD
10.0,1440399,7278793285,1433218,WARD_PLACED,SIGHT_WARD
4.0,1440399,7278793285,1435222,WARD_PLACED,TEEMO_MUSHROOM
7.0,1440399,7278793285,1438562,WARD_PLACED,CONTROL_WARD
9.0,1500414,7278793285,1448135,WARD_PLACED,BLUE_TRINKET
4.0,1500414,7278793285,1449605,WARD_PLACED,TEEMO_MUSHROOM
10.0,1500414,7278793285,1451843,WARD_PLACED,CONTROL_WARD
4.0,1500414,7278793285,1468471,WARD_PLACED,TEEMO_MUSHROOM
7.0,1500414,7278793285,1475692,WARD_PLACED,CONTROL_WARD
1.0,1500414,7278793285,1485688,WARD_PLACED,SIGHT_WARD
4.0,1500414,7278793285,1494382,WARD_PLACED,TEEMO_MUSHROOM
4.0,1560435,7278793285,1511346,WARD_PLACED,TEEMO_MUSHROOM
4.0,1560435,7278793285,1537241,WARD_PLACED,TEEMO_MUSHROOM
4.0,1560435,7278793285,1553955,WARD_PLACED,TEEMO_MUSHROOM
4.0,1680489,7278793285,1625838,WARD_PLACED,TEEMO_MUSHROOM
1.0,1680489,7278793285,1628110,WARD_PLACED,SIGHT_WARD
4.0,1680489,7278793285,1632262,WARD_PLACED,TEEMO_MUSHROOM
4.0,1680489,7278793285,1634399,WARD_PLACED,TEEMO_MUSHROOM
10.0,1680489,7278793285,1635635,WARD_PLACED,SIGHT_WARD
1.0,1680489,7278793285,1635635,WARD_PLACED,SIGHT_WARD
9.0,1680489,7278793285,1637038,WARD_PLACED,BLUE_TRINKET
4.0,1680489,7278793285,1641313,WARD_PLACED,TEEMO_MUSHROOM
1.0,1680489,7278793285,1641647,WARD_PLACED,CONTROL_WARD
10.0,1680489,7278793285,1644853,WARD_PLACED,CONTROL_WARD
4.0,1680489,7278793285,1650679,WARD_PLACED,TEEMO_MUSHROOM
10.0,1680489,7278793285,1653646,WARD_PLACED,CONTROL_WARD
10.0,1680489,7278793285,1675105,WARD_PLACED,SIGHT_WARD
10.0,1740505,7278793285,1681290,WARD_PLACED,SIGHT_WARD
4.0,1740505,7278793285,1692056,WARD_PLACED,TEEMO_MUSHROOM
4.0,1740505,7278793285,1695095,WARD_PLACED,TEEMO_MUSHROOM
4.0,1740505,7278793285,1698001,WARD_PLACED,TEEMO_MUSHROOM
4.0,1740505,7278793285,1722908,WARD_PLACED,TEEMO_MUSHROOM
4.0,1740505,7278793285,1735975,WARD_PLACED,TEEMO_MUSHROOM
1.0,1740505,7278793285,1739315,WARD_PLACED,SIGHT_WARD
10.0,1860530,7278793285,1807235,WARD_PLACED,SIGHT_WARD
4.0,1860530,7278793285,1808805,WARD_PLACED,TEEMO_MUSHROOM
4.0,1860530,7278793285,1817427,WARD_PLACED,TEEMO_MUSHROOM
4.0,1860530,7278793285,1821068,WARD_PLACED,TEEMO_MUSHROOM
1.0,1860530,7278793285,1821102,WARD_PLACED,SIGHT_WARD
4.0,1860530,7278793285,1825878,WARD_PLACED,TEEMO_MUSHROOM
4.0,1860530,7278793285,1845104,WARD_PLACED,TEEMO_MUSHROOM
1.0,1860530,7278793285,1857347,WARD_PLACED,SIGHT_WARD
4.0,1920549,7278793285,1861398,WARD_PLACED,TEEMO_MUSHROOM
4.0,1980558,7278793285,1942716,WARD_PLACED,TEEMO_MUSHROOM
10.0,2040564,7278793285,1990315,WARD_PLACED,SIGHT_WARD
10.0,2040564,7278793285,1994089,WARD_PLACED,CONTROL_WARD
10.0,2040564,7278793285,1997463,WARD_PLACED,SIGHT_WARD
4.0,2040564,7278793285,2003341,WARD_PLACED,TEEMO_MUSHROOM
4.0,2040564,7278793285,2004510,WARD_PLACED,TEEMO_MUSHROOM
4.0,2040564,7278793285,2006013,WARD_PLACED,TEEMO_MUSHROOM
4.0,2040564,7278793285,2007464,WARD_PLACED,TEEMO_MUSHROOM
4.0,2040564,7278793285,2008967,WARD_PLACED,TEEMO_MUSHROOM
4.0,2040564,7278793285,2036957,WARD_PLACED,TEEMO_MUSHROOM
4.0,2040564,7278793285,2039729,WARD_PLACED,TEEMO_MUSHROOM
4.0,2100574,7278793285,2060262,WARD_PLACED,TEEMO_MUSHROOM
4.0,2100574,7278793285,2072464,WARD_PLACED,TEEMO_MUSHROOM
4.0,2100574,7278793285,2082582,WARD_PLACED,TEEMO_MUSHROOM
1.0,2100574,7278793285,2096747,WARD_PLACED,SIGHT_WARD
4.0,2160580,7278793285,2101877,WARD_PLACED,TEEMO_MUSHROOM
1.0,2160580,7278793285,2103012,WARD_PLACED,SIGHT_WARD
1.0,2160580,7278793285,2106419,WARD_PLACED,SIGHT_WARD
10.0,2160580,7278793285,2119414,WARD_PLACED,SIGHT_WARD
10.0,2160580,7278793285,2128335,WARD_PLACED,CONTROL_WARD
4.0,2160580,7278793285,2130606,WARD_PLACED,TEEMO_MUSHROOM
4.0,2160580,7278793285,2154824,WARD_PLACED,TEEMO_MUSHROOM
1.0,2160580,7278793285,2155392,WARD_PLACED,CONTROL_WARD
4.0,2160580,7278793285,2156706,WARD_PLACED,TEEMO_MUSHROOM
4.0,2220611,7278793285,2167104,WARD_PLACED,TEEMO_MUSHROOM
1.0,2220611,7278793285,2197088,WARD_PLACED,CONTROL_WARD
4.0,2220611,7278793285,2218149,WARD_PLACED,TEEMO_MUSHROOM
2.0,2220611,7278793285,2219485,WARD_PLACED,YELLOW_TRINKET
4.0,2220611,7278793285,2220354,WARD_PLACED,TEEMO_MUSHROOM
4.0,2280637,7278793285,2222849,WARD_PLACED,TEEMO_MUSHROOM
4.0,2280637,7278793285,2227826,WARD_PLACED,TEEMO_MUSHROOM
4.0,2280637,7278793285,2238697,WARD_PLACED,TEEMO_MUSHROOM
10.0,2280637,7278793285,2241035,WARD_PLACED,SIGHT_WARD
10.0,2280637,7278793285,2243005,WARD_PLACED,SIGHT_WARD
4.0,2280637,7278793285,2260457,WARD_PLACED,TEEMO_MUSHROOM
4.0,2280637,7278793285,2276195,WARD_PLACED,TEEMO_MUSHROOM
4.0,2340653,7278793285,2286623,WARD_PLACED,TEEMO_MUSHROOM
2.0,2340653,7278793285,2290699,WARD_PLACED,BLUE_TRINKET
10.0,2340653,7278793285,2296043,WARD_PLACED,SIGHT_WARD
4.0,2340653,7278793285,2305725,WARD_PLACED,TEEMO_MUSHROOM
1.0,2340653,7278793285,2305992,WARD_PLACED,CONTROL_WARD
10.0,2340653,7278793285,2309184,WARD_PLACED,SIGHT_WARD
4.0,2340653,7278793285,2316832,WARD_PLACED,TEEMO_MUSHROOM
4.0,2340653,7278793285,2339327,WARD_PLACED,TEEMO_MUSHROOM
4.0,2400683,7278793285,2350539,WARD_PLACED,TEEMO_MUSHROOM
1.0,2400683,7278793285,2356818,WARD_PLACED,SIGHT_WARD
4.0,2400683,7278793285,2371937,WARD_PLACED,TEEMO_MUSHROOM
1.0,2400683,7278793285,2372639,WARD_PLACED,CONTROL_WARD
4.0,2400683,7278793285,2396922,WARD_PLACED,TEEMO_MUSHROOM
4.0,2460692,7278793285,2404057,WARD_PLACED,TEEMO_MUSHROOM
2.0,2460692,7278793285,2408265,WARD_PLACED,BLUE_TRINKET
10.0,2460692,7278793285,2417566,WARD_PLACED,CONTROL_WARD
4.0,2460692,7278793285,2417733,WARD_PLACED,TEEMO_MUSHROOM
1.0,2460692,7278793285,2419603,WARD_PLACED,SIGHT_WARD
4.0,2460692,7278793285,2426321,WARD_PLACED,TEEMO_MUSHROOM
1.0,2460692,7278793285,2455432,WARD_PLACED,CONTROL_WARD
2.0,60006,7278666530,38160,WARD_PLACED,YELLOW_TRINKET
7.0,120028,7278666530,106253,WARD_PLACED,YELLOW_TRINKET
10.0,180101,7278666530,138667,WARD_PLACED,YELLOW_TRINKET
5.0,180101,7278666530,139268,WARD_PLACED,YELLOW_TRINKET
4.0,180101,7278666530,139468,WARD_PLACED,YELLOW_TRINKET
6.0,180101,7278666530,158012,WARD_PLACED,YELLOW_TRINKET
5.0,240109,7278666530,213983,WARD_PLACED,CONTROL_WARD
7.0,300136,7278666530,243082,WARD_PLACED,YELLOW_TRINKET
9.0,300136,7278666530,243583,WARD_PLACED,CONTROL_WARD
5.0,300136,7278666530,250003,WARD_PLACED,YELLOW_TRINKET
8.0,300136,7278666530,256457,WARD_PLACED,YELLOW_TRINKET
3.0,300136,7278666530,261807,WARD_PLACED,YELLOW_TRINKET
3.0,360149,7278666530,350542,WARD_PLACED,YELLOW_TRINKET
1.0,420153,7278666530,366413,WARD_PLACED,YELLOW_TRINKET
8.0,420153,7278666530,383150,WARD_PLACED,YELLOW_TRINKET
3.0,420153,7278666530,384587,WARD_PLACED,CONTROL_WARD
7.0,420153,7278666530,413733,WARD_PLACED,YELLOW_TRINKET
4.0,480163,7278666530,422825,WARD_PLACED,YELLOW_TRINKET
6.0,480163,7278666530,428471,WARD_PLACED,YELLOW_TRINKET
7.0,480163,7278666530,458573,WARD_PLACED,CONTROL_WARD
8.0,480163,7278666530,463689,WARD_PLACED,YELLOW_TRINKET
10.0,480163,7278666530,474776,WARD_PLACED,YELLOW_TRINKET
2.0,540195,7278666530,483270,WARD_PLACED,CONTROL_WARD
5.0,540195,7278666530,501440,WARD_PLACED,CONTROL_WARD
5.0,540195,7278666530,508526,WARD_PLACED,YELLOW_TRINKET
10.0,540195,7278666530,516443,WARD_PLACED,SIGHT_WARD
5.0,540195,7278666530,516677,WARD_PLACED,SIGHT_WARD
6.0,540195,7278666530,530670,WARD_PLACED,YELLOW_TRINKET
4.0,600225,7278666530,571358,WARD_PLACED,YELLOW_TRINKET
7.0,600225,7278666530,591564,WARD_PLACED,YELLOW_TRINKET
5.0,660242,7278666530,603832,WARD_PLACED,SIGHT_WARD
10.0,660242,7278666530,622013,WARD_PLACED,SIGHT_WARD
5.0,660242,7278666530,624533,WARD_PLACED,SIGHT_WARD
5.0,660242,7278666530,627172,WARD_PLACED,SIGHT_WARD
1.0,660242,7278666530,628641,WARD_PLACED,YELLOW_TRINKET
8.0,660242,7278666530,651282,WARD_PLACED,YELLOW_TRINKET
1.0,720265,7278666530,690255,WARD_PLACED,YELLOW_TRINKET
4.0,780272,7278666530,722870,WARD_PLACED,YELLOW_TRINKET
10.0,780272,7278666530,738421,WARD_PLACED,SIGHT_WARD
5.0,780272,7278666530,750062,WARD_PLACED,CONTROL_WARD
10.0,780272,7278666530,752400,WARD_PLACED,CONTROL_WARD
9.0,840285,7278666530,822794,WARD_PLACED,YELLOW_TRINKET
7.0,840285,7278666530,831813,WARD_PLACED,YELLOW_TRINKET
5.0,900296,7278666530,842055,WARD_PLACED,CONTROL_WARD
1.0,900296,7278666530,848431,WARD_PLACED,YELLOW_TRINKET
4.0,900296,7278666530,854818,WARD_PLACED,YELLOW_TRINKET
10.0,900296,7278666530,862470,WARD_PLACED,SIGHT_WARD
8.0,900296,7278666530,867914,WARD_PLACED,YELLOW_TRINKET
10.0,900296,7278666530,872879,WARD_PLACED,SIGHT_WARD
4.0,900296,7278666530,875284,WARD_PLACED,CONTROL_WARD
2.0,900296,7278666530,877088,WARD_PLACED,CONTROL_WARD
5.0,900296,7278666530,897350,WARD_PLACED,SIGHT_WARD
10.0,960321,7278666530,904137,WARD_PLACED,SIGHT_WARD
5.0,960321,7278666530,904371,WARD_PLACED,SIGHT_WARD
5.0,960321,7278666530,937278,WARD_PLACED,SIGHT_WARD
5.0,960321,7278666530,947706,WARD_PLACED,SIGHT_WARD
7.0,1020343,7278666530,962392,WARD_PLACED,YELLOW_TRINKET
1.0,1020343,7278666530,963995,WARD_PLACED,BLUE_TRINKET
10.0,1020343,7278666530,974072,WARD_PLACED,CONTROL_WARD
8.0,1020343,7278666530,990419,WARD_PLACED,YELLOW_TRINKET
5.0,1080356,7278666530,1040638,WARD_PLACED,SIGHT_WARD
5.0,1080356,7278666530,1056436,WARD_PLACED,SIGHT_WARD
4.0,1080356,7278666530,1056669,WARD_PLACED,CONTROL_WARD
7.0,1080356,7278666530,1071583,WARD_PLACED,YELLOW_TRINKET
5.0,1140357,7278666530,1104838,WARD_PLACED,SIGHT_WARD
1.0,1140357,7278666530,1127617,WARD_PLACED,BLUE_TRINKET
10.0,1200371,7278666530,1157732,WARD_PLACED,SIGHT_WARD
4.0,1200371,7278666530,1160829,WARD_PLACED,CONTROL_WARD
5.0,1200371,7278666530,1169180,WARD_PLACED,SIGHT_WARD
5.0,1200371,7278666530,1180582,WARD_PLACED,SIGHT_WARD
6.0,1260379,7278666530,1200905,WARD_PLACED,CONTROL_WARD
7.0,1260379,7278666530,1202997,WARD_PLACED,YELLOW_TRINKET
10.0,1260379,7278666530,1227442,WARD_PLACED,SIGHT_WARD
10.0,1260379,7278666530,1249579,WARD_PLACED,SIGHT_WARD
5.0,1260379,7278666530,1253888,WARD_PLACED,SIGHT_WARD
5.0,1260379,7278666530,1257891,WARD_PLACED,SIGHT_WARD
1.0,1320412,7278666530,1273822,WARD_PLACED,BLUE_TRINKET
1.0,1320412,7278666530,1278473,WARD_PLACED,CONTROL_WARD
5.0,1320412,7278666530,1279308,WARD_PLACED,SIGHT_WARD
10.0,1320412,7278666530,1284482,WARD_PLACED,CONTROL_WARD
4.0,1320412,7278666530,1295020,WARD_PLACED,BLUE_TRINKET
10.0,1320412,7278666530,1295922,WARD_PLACED,SIGHT_WARD
10.0,1320412,7278666530,1310891,WARD_PLACED,CONTROL_WARD
10.0,1320412,7278666530,1313364,WARD_PLACED,SIGHT_WARD
7.0,1380440,7278666530,1342501,WARD_PLACED,CONTROL_WARD
5.0,1380440,7278666530,1360777,WARD_PLACED,SIGHT_WARD
10.0,1440441,7278666530,1429414,WARD_PLACED,SIGHT_WARD
5.0,1440441,7278666530,1434262,WARD_PLACED,SIGHT_WARD
1.0,1500457,7278666530,1450868,WARD_PLACED,BLUE_TRINKET
7.0,1500457,7278666530,1461210,WARD_PLACED,CONTROL_WARD
5.0,1500457,7278666530,1463114,WARD_PLACED,SIGHT_WARD
7.0,1500457,7278666530,1472327,WARD_PLACED,YELLOW_TRINKET
7.0,1500457,7278666530,1481558,WARD_PLACED,YELLOW_TRINKET
4.0,1500457,7278666530,1487871,WARD_PLACED,CONTROL_WARD
5.0,1500457,7278666530,1488272,WARD_PLACED,SIGHT_WARD
4.0,1500457,7278666530,1491373,WARD_PLACED,BLUE_TRINKET
5.0,1560472,7278666530,1512016,WARD_PLACED,SIGHT_WARD
10.0,1560472,7278666530,1541789,WARD_PLACED,SIGHT_WARD
5.0,1560472,7278666530,1546822,WARD_PLACED,SIGHT_WARD
10.0,1560472,7278666530,1546925,WARD_PLACED,SIGHT_WARD
5.0,1560472,7278666530,1558936,WARD_PLACED,SIGHT_WARD
7.0,1620485,7278666530,1570845,WARD_PLACED,CONTROL_WARD
5.0,1620485,7278666530,1582432,WARD_PLACED,SIGHT_WARD
7.0,1620485,7278666530,1607222,WARD_PLACED,YELLOW_TRINKET
5.0,1620485,7278666530,1611922,WARD_PLACED,SIGHT_WARD
10.0,1620485,7278666530,1617168,WARD_PLACED,CONTROL_WARD
10.0,1680506,7278666530,1621186,WARD_PLACED,SIGHT_WARD
10.0,1680506,7278666530,1624627,WARD_PLACED,SIGHT_WARD
4.0,1680506,7278666530,1642028,WARD_PLACED,CONTROL_WARD
4.0,1680506,7278666530,1645436,WARD_PLACED,BLUE_TRINKET
5.0,1680506,7278666530,1655361,WARD_PLACED,SIGHT_WARD
5.0,1680506,7278666530,1664301,WARD_PLACED,SIGHT_WARD
10.0,1740526,7278666530,1684247,WARD_PLACED,SIGHT_WARD
5.0,1740526,7278666530,1699774,WARD_PLACED,SIGHT_WARD
9.0,1740526,7278666530,1701678,WARD_PLACED,BLUE_TRINKET
10.0,1740526,7278666530,1707689,WARD_PLACED,SIGHT_WARD
5.0,1740526,7278666530,1717254,WARD_PLACED,SIGHT_WARD
7.0,1740526,7278666530,1718860,WARD_PLACED,CONTROL_WARD
1.0,1740526,7278666530,1720196,WARD_PLACED,CONTROL_WARD
10.0,1740526,7278666530,1730544,WARD_PLACED,SIGHT_WARD
7.0,1740526,7278666530,1731279,WARD_PLACED,CONTROL_WARD
10.0,1740526,7278666530,1734419,WARD_PLACED,SIGHT_WARD
6.0,1740526,7278666530,1736891,WARD_PLACED,CONTROL_WARD
10.0,1800530,7278666530,1756665,WARD_PLACED,CONTROL_WARD
9.0,120038,7278612852,84240,WARD_PLACED,YELLOW_TRINKET
8.0,180079,7278612852,145051,WARD_PLACED,YELLOW_TRINKET
10.0,240090,7278612852,180112,WARD_PLACED,YELLOW_TRINKET
2.0,240090,7278612852,184687,WARD_PLACED,YELLOW_TRINKET
1.0,240090,7278612852,190999,WARD_PLACED,YELLOW_TRINKET
1.0,240090,7278612852,226130,WARD_PLACED,YELLOW_TRINKET
6.0,240090,7278612852,228335,WARD_PLACED,YELLOW_TRINKET
8.0,360145,7278612852,348088,WARD_PLACED,YELLOW_TRINKET
2.0,420173,7278612852,382587,WARD_PLACED,CONTROL_WARD
1.0,420173,7278612852,383422,WARD_PLACED,CONTROL_WARD
3.0,420173,7278612852,400354,WARD_PLACED,YELLOW_TRINKET
7.0,420173,7278612852,403360,WARD_PLACED,YELLOW_TRINKET
8.0,480188,7278612852,473540,WARD_PLACED,YELLOW_TRINKET
10.0,540194,7278612852,483895,WARD_PLACED,CONTROL_WARD
3.0,540194,7278612852,501662,WARD_PLACED,YELLOW_TRINKET
7.0,540194,7278612852,504601,WARD_PLACED,CONTROL_WARD
6.0,540194,7278612852,509410,WARD_PLACED,YELLOW_TRINKET
5.0,540194,7278612852,512916,WARD_PLACED,CONTROL_WARD
5.0,540194,7278612852,515454,WARD_PLACED,SIGHT_WARD
9.0,540194,7278612852,538000,WARD_PLACED,YELLOW_TRINKET
10.0,600211,7278612852,541563,WARD_PLACED,SIGHT_WARD
6.0,600211,7278612852,559597,WARD_PLACED,CONTROL_WARD
9.0,600211,7278612852,568447,WARD_PLACED,YELLOW_TRINKET
5.0,600211,7278612852,571352,WARD_PLACED,SIGHT_WARD
7.0,600211,7278612852,572321,WARD_PLACED,YELLOW_TRINKET
3.0,600211,7278612852,589223,WARD_PLACED,YELLOW_TRINKET
5.0,600211,7278612852,592897,WARD_PLACED,SIGHT_WARD
10.0,660225,7278612852,606589,WARD_PLACED,SIGHT_WARD
5.0,660225,7278612852,624058,WARD_PLACED,SIGHT_WARD
2.0,660225,7278612852,627765,WARD_PLACED,CONTROL_WARD
10.0,660225,7278612852,639256,WARD_PLACED,SIGHT_WARD
6.0,660225,7278612852,648707,WARD_PLACED,YELLOW_TRINKET
7.0,720252,7278612852,663599,WARD_PLACED,YELLOW_TRINKET
7.0,720252,7278612852,671146,WARD_PLACED,CONTROL_WARD
4.0,720252,7278612852,684372,WARD_PLACED,YELLOW_TRINKET
8.0,720252,7278612852,714608,WARD_PLACED,YELLOW_TRINKET
10.0,780284,7278612852,727334,WARD_PLACED,SIGHT_WARD
5.0,780284,7278612852,729038,WARD_PLACED,CONTROL_WARD
5.0,780284,7278612852,737529,WARD_PLACED,SIGHT_WARD
5.0,780284,7278612852,748553,WARD_PLACED,SIGHT_WARD
9.0,780284,7278612852,748654,WARD_PLACED,YELLOW_TRINKET
5.0,780284,7278612852,751192,WARD_PLACED,SIGHT_WARD
7.0,780284,7278612852,754765,WARD_PLACED,CONTROL_WARD
5.0,780284,7278612852,768761,WARD_PLACED,CONTROL_WARD
7.0,780284,7278612852,775908,WARD_PLACED,CONTROL_WARD
6.0,840287,7278612852,781653,WARD_PLACED,CONTROL_WARD
3.0,840287,7278612852,803099,WARD_PLACED,YELLOW_TRINKET
3.0,840287,7278612852,837415,WARD_PLACED,CONTROL_WARD
10.0,900317,7278612852,840688,WARD_PLACED,SIGHT_WARD
10.0,900317,7278612852,841556,WARD_PLACED,SIGHT_WARD
10.0,900317,7278612852,853948,WARD_PLACED,SIGHT_WARD
5.0,900317,7278612852,863468,WARD_PLACED,SIGHT_WARD
5.0,900317,7278612852,889759,WARD_PLACED,SIGHT_WARD
5.0,900317,7278612852,896773,WARD_PLACED,CONTROL_WARD
1.0,960327,7278612852,900751,WARD_PLACED,CONTROL_WARD
5.0,960327,7278612852,901920,WARD_PLACED,SIGHT_WARD
2.0,960327,7278612852,926207,WARD_PLACED,CONTROL_WARD
4.0,960327,7278612852,943614,WARD_PLACED,YELLOW_TRINKET
8.0,60022,7278531073,48031,WARD_PLACED,YELLOW_TRINKET
9.0,120041,7278531073,65497,WARD_PLACED,YELLOW_TRINKET
10.0,120041,7278531073,105512,WARD_PLACED,YELLOW_TRINKET
2.0,180120,7278531073,172549,WARD_PLACED,YELLOW_TRINKET
5.0,240152,7278531073,193582,WARD_PLACED,YELLOW_TRINKET
1.0,240152,7278531073,207117,WARD_PLACED,YELLOW_TRINKET
6.0,240152,7278531073,207818,WARD_PLACED,YELLOW_TRINKET
3.0,300155,7278531073,253178,WARD_PLACED,YELLOW_TRINKET
7.0,300155,7278531073,256051,WARD_PLACED,YELLOW_TRINKET
2.0,300155,7278531073,274757,WARD_PLACED,YELLOW_TRINKET
9.0,360187,7278531073,332130,WARD_PLACED,UNDEFINED
10.0,360187,7278531073,352338,WARD_PLACED,YELLOW_TRINKET
9.0,420210,7278531073,375354,WARD_PLACED,UNDEFINED
5.0,420210,7278531073,378126,WARD_PLACED,YELLOW_TRINKET
8.0,420210,7278531073,384913,WARD_PLACED,YELLOW_TRINKET
6.0,420210,7278531073,387585,WARD_PLACED,YELLOW_TRINKET
2.0,420210,7278531073,417783,WARD_PLACED,YELLOW_TRINKET
10.0,480222,7278531073,457902,WARD_PLACED,YELLOW_TRINKET
4.0,480222,7278531073,477014,WARD_PLACED,YELLOW_TRINKET
9.0,540246,7278531073,498027,WARD_PLACED,YELLOW_TRINKET
3.0,540246,7278531073,503378,WARD_PLACED,YELLOW_TRINKET
8.0,540246,7278531073,529230,WARD_PLACED,YELLOW_TRINKET
6.0,540246,7278531073,532804,WARD_PLACED,YELLOW_TRINKET
10.0,600247,7278531073,558019,WARD_PLACED,SIGHT_WARD
3.0,600247,7278531073,561125,WARD_PLACED,YELLOW_TRINKET
9.0,600247,7278531073,573718,WARD_PLACED,UNDEFINED
8.0,600247,7278531073,575956,WARD_PLACED,CONTROL_WARD
9.0,600247,7278531073,579997,WARD_PLACED,YELLOW_TRINKET
9.0,600247,7278531073,593801,WARD_PLACED,UNDEFINED
10.0,600247,7278531073,594202,WARD_PLACED,SIGHT_WARD
5.0,660252,7278531073,605124,WARD_PLACED,CONTROL_WARD
2.0,660252,7278531073,607495,WARD_PLACED,YELLOW_TRINKET
9.0,660252,7278531073,613340,WARD_PLACED,UNDEFINED
3.0,660252,7278531073,623266,WARD_PLACED,CONTROL_WARD
10.0,660252,7278531073,632197,WARD_PLACED,YELLOW_TRINKET
7.0,660252,7278531073,640246,WARD_PLACED,YELLOW_TRINKET
5.0,660252,7278531073,642985,WARD_PLACED,SIGHT_WARD
10.0,720281,7278531073,685017,WARD_PLACED,SIGHT_WARD
7.0,720281,7278531073,704668,WARD_PLACED,YELLOW_TRINKET
8.0,720281,7278531073,714736,WARD_PLACED,CONTROL_WARD
4.0,780284,7278531073,750116,WARD_PLACED,CONTROL_WARD
10.0,780284,7278531073,751252,WARD_PLACED,CONTROL_WARD
9.0,780284,7278531073,751553,WARD_PLACED,UNDEFINED
4.0,780284,7278531073,757598,WARD_PLACED,YELLOW_TRINKET
9.0,780284,7278531073,776990,WARD_PLACED,YELLOW_TRINKET
1.0,840317,7278531073,797432,WARD_PLACED,YELLOW_TRINKET
2.0,840317,7278531073,799336,WARD_PLACED,CONTROL_WARD
1.0,840317,7278531073,800138,WARD_PLACED,YELLOW_TRINKET
6.0,840317,7278531073,801708,WARD_PLACED,YELLOW_TRINKET
4.0,840317,7278531073,804147,WARD_PLACED,YELLOW_TRINKET
9.0,840317,7278531073,813235,WARD_PLACED,UNDEFINED
9.0,840317,7278531073,836499,WARD_PLACED,UNDEFINED
5.0,900345,7278531073,853820,WARD_PLACED,SIGHT_WARD
8.0,900345,7278531073,862249,WARD_PLACED,CONTROL_WARD
9.0,900345,7278531073,886328,WARD_PLACED,YELLOW_TRINKET
5.0,900345,7278531073,889656,WARD_PLACED,SIGHT_WARD
9.0,960348,7278531073,908548,WARD_PLACED,UNDEFINED
10.0,960348,7278531073,909583,WARD_PLACED,CONTROL_WARD
6.0,960348,7278531073,916074,WARD_PLACED,YELLOW_TRINKET
9.0,960348,7278531073,943655,WARD_PLACED,UNDEFINED
9.0,960348,7278531073,947329,WARD_PLACED,UNDEFINED
9.0,1020357,7278531073,977116,WARD_PLACED,UNDEFINED
3.0,1020357,7278531073,988207,WARD_PLACED,CONTROL_WARD
5.0,1020357,7278531073,1010432,WARD_PLACED,SIGHT_WARD
5.0,1080390,7278531073,1021426,WARD_PLACED,SIGHT_WARD
4.0,1080390,7278531073,1025668,WARD_PLACED,CONTROL_WARD
9.0,1080390,7278531073,1032166,WARD_PLACED,BLUE_TRINKET
6.0,1080390,7278531073,1034304,WARD_PLACED,YELLOW_TRINKET
9.0,1080390,7278531073,1034538,WARD_PLACED,UNDEFINED
10.0,1080390,7278531073,1042163,WARD_PLACED,SIGHT_WARD
4.0,1080390,7278531073,1042631,WARD_PLACED,BLUE_TRINKET
8.0,1080390,7278531073,1048755,WARD_PLACED,CONTROL_WARD
9.0,1080390,7278531073,1050024,WARD_PLACED,UNDEFINED
5.0,1080390,7278531073,1061120,WARD_PLACED,SIGHT_WARD
5.0,1080390,7278531073,1066202,WARD_PLACED,SIGHT_WARD
9.0,1080390,7278531073,1068439,WARD_PLACED,UNDEFINED
1.0,1140398,7278531073,1087063,WARD_PLACED,YELLOW_TRINKET
9.0,1140398,7278531073,1089969,WARD_PLACED,UNDEFINED
1.0,1140398,7278531073,1093202,WARD_PLACED,CONTROL_WARD
9.0,1200413,7278531073,1142937,WARD_PLACED,UNDEFINED
9.0,1200413,7278531073,1149752,WARD_PLACED,UNDEFINED
1.0,1200413,7278531073,1176337,WARD_PLACED,YELLOW_TRINKET
7.0,1200413,7278531073,1184363,WARD_PLACED,YELLOW_TRINKET
4.0,1200413,7278531073,1194367,WARD_PLACED,BLUE_TRINKET
7.0,1260434,7278531073,1203319,WARD_PLACED,YELLOW_TRINKET
9.0,1260434,7278531073,1217090,WARD_PLACED,BLUE_TRINKET
9.0,1260434,7278531073,1218460,WARD_PLACED,UNDEFINED
10.0,1260434,7278531073,1228279,WARD_PLACED,SIGHT_WARD
9.0,1260434,7278531073,1240568,WARD_PLACED,UNDEFINED
10.0,1260434,7278531073,1242305,WARD_PLACED,SIGHT_WARD
8.0,1260434,7278531073,1252245,WARD_PLACED,CONTROL_WARD
5.0,1260434,7278531073,1257570,WARD_PLACED,SIGHT_WARD
5.0,1320460,7278531073,1275904,WARD_PLACED,CONTROL_WARD
10.0,1320460,7278531073,1276105,WARD_PLACED,SIGHT_WARD
9.0,1320460,7278531073,1281675,WARD_PLACED,UNDEFINED
5.0,1320460,7278531073,1286395,WARD_PLACED,SIGHT_WARD
2.0,1320460,7278531073,1289958,WARD_PLACED,CONTROL_WARD
5.0,1320460,7278531073,1293131,WARD_PLACED,SIGHT_WARD
7.0,1320460,7278531073,1296471,WARD_PLACED,CONTROL_WARD
9.0,1320460,7278531073,1305557,WARD_PLACED,UNDEFINED
7.0,1320460,7278531073,1309766,WARD_PLACED,CONTROL_WARD
9.0,1380481,7278531073,1330333,WARD_PLACED,UNDEFINED
6.0,1380481,7278531073,1331769,WARD_PLACED,YELLOW_TRINKET
10.0,1380481,7278531073,1332237,WARD_PLACED,SIGHT_WARD
10.0,1380481,7278531073,1336528,WARD_PLACED,SIGHT_WARD
9.0,1380481,7278531073,1336862,WARD_PLACED,UNDEFINED
10.0,1380481,7278531073,1365604,WARD_PLACED,SIGHT_WARD
9.0,1380481,7278531073,1372591,WARD_PLACED,UNDEFINED
5.0,1380481,7278531073,1374796,WARD_PLACED,SIGHT_WARD
10.0,1440505,7278531073,1381016,WARD_PLACED,CONTROL_WARD
9.0,1440505,7278531073,1383654,WARD_PLACED,UNDEFINED
5.0,1440505,7278531073,1383921,WARD_PLACED,CONTROL_WARD
4.0,1440505,7278531073,1399349,WARD_PLACED,BLUE_TRINKET
5.0,1440505,7278531073,1404920,WARD_PLACED,SIGHT_WARD
5.0,1440505,7278531073,1440438,WARD_PLACED,SIGHT_WARD
9.0,1500527,7278531073,1463611,WARD_PLACED,BLUE_TRINKET
5.0,1500527,7278531073,1466116,WARD_PLACED,SIGHT_WARD
9.0,1500527,7278531073,1480478,WARD_PLACED,CONTROL_WARD
9.0,1500527,7278531073,1492299,WARD_PLACED,UNDEFINED
10.0,1500527,7278531073,1494738,WARD_PLACED,SIGHT_WARD
6.0,1560559,7278531073,1505904,WARD_PLACED,CONTROL_WARD
5.0,1560559,7278531073,1522346,WARD_PLACED,SIGHT_WARD
5.0,1560559,7278531073,1526889,WARD_PLACED,SIGHT_WARD
4.0,1560559,7278531073,1531549,WARD_PLACED,BLUE_TRINKET
9.0,1560559,7278531073,1534488,WARD_PLACED,UNDEFINED
9.0,1560559,7278531073,1543176,WARD_PLACED,UNDEFINED
5.0,1560559,7278531073,1545728,WARD_PLACED,SIGHT_WARD
10.0,1620572,7278531073,1567173,WARD_PLACED,SIGHT_WARD
9.0,1620572,7278531073,1567407,WARD_PLACED,UNDEFINED
1.0,1620572,7278531073,1586442,WARD_PLACED,YELLOW_TRINKET
8.0,1620572,7278531073,1599082,WARD_PLACED,CONTROL_WARD
4.0,1620572,7278531073,1605261,WARD_PLACED,CONTROL_WARD
10.0,1620572,7278531073,1610875,WARD_PLACED,SIGHT_WARD
9.0,1620572,7278531073,1612378,WARD_PLACED,BLUE_TRINKET
3.0,1620572,7278531073,1614114,WARD_PLACED,CONTROL_WARD
2.0,1680592,7278531073,1623511,WARD_PLACED,CONTROL_WARD
9.0,1680592,7278531073,1625081,WARD_PLACED,UNDEFINED
9.0,1680592,7278531073,1628869,WARD_PLACED,UNDEFINED
9.0,1680592,7278531073,1653111,WARD_PLACED,UNDEFINED
5.0,1680592,7278531073,1666758,WARD_PLACED,SIGHT_WARD
7.0,1740598,7278531073,1684778,WARD_PLACED,CONTROL_WARD
9.0,1740598,7278531073,1687900,WARD_PLACED,UNDEFINED
9.0,1740598,7278531073,1718045,WARD_PLACED,UNDEFINED
5.0,1740598,7278531073,1720016,WARD_PLACED,SIGHT_WARD
5.0,1740598,7278531073,1726442,WARD_PLACED,SIGHT_WARD
9.0,1740598,7278531073,1736314,WARD_PLACED,BLUE_TRINKET
9.0,1740598,7278531073,1739153,WARD_PLACED,UNDEFINED
3.0,1800601,7278531073,1768879,WARD_PLACED,CONTROL_WARD
5.0,1800601,7278531073,1772978,WARD_PLACED,SIGHT_WARD
7.0,1800601,7278531073,1776319,WARD_PLACED,CONTROL_WARD
9.0,1800601,7278531073,1776853,WARD_PLACED,UNDEFINED
10.0,1800601,7278531073,1781262,WARD_PLACED,SIGHT_WARD
4.0,1800601,7278531073,1783166,WARD_PLACED,BLUE_TRINKET
5.0,1800601,7278531073,1783200,WARD_PLACED,CONTROL_WARD
9.0,1800601,7278531073,1786115,WARD_PLACED,UNDEFINED
10.0,1800601,7278531073,1796824,WARD_PLACED,SIGHT_WARD
2.0,1860626,7278531073,1803507,WARD_PLACED,CONTROL_WARD
1.0,1860626,7278531073,1809561,WARD_PLACED,YELLOW_TRINKET
10.0,1860626,7278531073,1810295,WARD_PLACED,SIGHT_WARD
9.0,1860626,7278531073,1813785,WARD_PLACED,UNDEFINED
5.0,1860626,7278531073,1816788,WARD_PLACED,SIGHT_WARD
9.0,1860626,7278531073,1823879,WARD_PLACED,UNDEFINED
5.0,1860626,7278531073,1824948,WARD_PLACED,SIGHT_WARD
5.0,1860626,7278531073,1827185,WARD_PLACED,SIGHT_WARD
1.0,1860626,7278531073,1827252,WARD_PLACED,YELLOW_TRINKET
7.0,1860626,7278531073,1851236,WARD_PLACED,CONTROL_WARD
9.0,1860626,7278531073,1853574,WARD_PLACED,UNDEFINED
5.0,1920651,7278531073,1867579,WARD_PLACED,CONTROL_WARD
5.0,1920651,7278531073,1875807,WARD_PLACED,SIGHT_WARD
5.0,1920651,7278531073,1876609,WARD_PLACED,SIGHT_WARD
9.0,1920651,7278531073,1877578,WARD_PLACED,BLUE_TRINKET
7.0,1920651,7278531073,1883907,WARD_PLACED,YELLOW_TRINKET
10.0,1920651,7278531073,1887247,WARD_PLACED,SIGHT_WARD
10.0,1920651,7278531073,1888950,WARD_PLACED,CONTROL_WARD
5.0,1920651,7278531073,1900783,WARD_PLACED,SIGHT_WARD
7.0,1920651,7278531073,1907101,WARD_PLACED,YELLOW_TRINKET
9.0,1920651,7278531073,1910745,WARD_PLACED,UNDEFINED
9.0,1980659,7278531073,1949160,WARD_PLACED,UNDEFINED
9.0,1980659,7278531073,1961658,WARD_PLACED,UNDEFINED
10.0,1980659,7278531073,1980626,WARD_PLACED,SIGHT_WARD
9.0,2040676,7278531073,1989233,WARD_PLACED,UNDEFINED
10.0,2040676,7278531073,1992706,WARD_PLACED,SIGHT_WARD
9.0,2040676,7278531073,2007237,WARD_PLACED,BLUE_TRINKET
4.0,2040676,7278531073,2021095,WARD_PLACED,BLUE_TRINKET
5.0,2040676,7278531073,2023359,WARD_PLACED,SIGHT_WARD
10.0,2040676,7278531073,2033086,WARD_PLACED,SIGHT_WARD
1.0,2076960,7278531073,2049388,WARD_PLACED,YELLOW_TRINKET
7.0,2076960,7278531073,2052193,WARD_PLACED,CONTROL_WARD
7.0,2076960,7278531073,2066979,WARD_PLACED,YELLOW_TRINKET
10.0,60001,7276401144,33913,WARD_PLACED,YELLOW_TRINKET
2.0,120022,7276401144,61163,WARD_PLACED,YELLOW_TRINKET
9.0,120022,7276401144,73924,WARD_PLACED,YELLOW_TRINKET
5.0,120022,7276401144,114443,WARD_PLACED,YELLOW_TRINKET
1.0,180027,7276401144,148087,WARD_PLACED,YELLOW_TRINKET
8.0,180027,7276401144,151095,WARD_PLACED,YELLOW_TRINKET
3.0,180027,7276401144,177723,WARD_PLACED,YELLOW_TRINKET
4.0,240048,7276401144,183945,WARD_PLACED,YELLOW_TRINKET
5.0,240048,7276401144,221301,WARD_PLACED,YELLOW_TRINKET
7.0,300123,7276401144,251872,WARD_PLACED,YELLOW_TRINKET
4.0,300123,7276401144,269423,WARD_PLACED,UNDEFINED
6.0,360143,7276401144,319938,WARD_PLACED,YELLOW_TRINKET
4.0,360143,7276401144,326886,WARD_PLACED,YELLOW_TRINKET
4.0,360143,7276401144,329797,WARD_PLACED,UNDEFINED
4.0,360143,7276401144,331902,WARD_PLACED,UNDEFINED
3.0,360143,7276401144,348243,WARD_PLACED,YELLOW_TRINKET
1.0,360143,7276401144,352185,WARD_PLACED,YELLOW_TRINKET
2.0,420171,7276401144,362882,WARD_PLACED,YELLOW_TRINKET
4.0,420171,7276401144,364486,WARD_PLACED,UNDEFINED
8.0,420171,7276401144,365321,WARD_PLACED,YELLOW_TRINKET
6.0,420171,7276401144,399003,WARD_PLACED,YELLOW_TRINKET
10.0,420171,7276401144,406486,WARD_PLACED,CONTROL_WARD
5.0,420171,7276401144,413680,WARD_PLACED,CONTROL_WARD
4.0,480181,7276401144,420171,WARD_PLACED,UNDEFINED
4.0,480181,7276401144,438677,WARD_PLACED,UNDEFINED
4.0,480181,7276401144,447033,WARD_PLACED,YELLOW_TRINKET
4.0,480181,7276401144,451509,WARD_PLACED,UNDEFINED
8.0,480181,7276401144,465716,WARD_PLACED,YELLOW_TRINKET
3.0,480181,7276401144,474837,WARD_PLACED,YELLOW_TRINKET
4.0,540202,7276401144,489206,WARD_PLACED,UNDEFINED
10.0,540202,7276401144,500925,WARD_PLACED,SIGHT_WARD
5.0,540202,7276401144,503330,WARD_PLACED,SIGHT_WARD
4.0,540202,7276401144,507505,WARD_PLACED,UNDEFINED
1.0,540202,7276401144,526751,WARD_PLACED,YELLOW_TRINKET
6.0,540202,7276401144,533442,WARD_PLACED,YELLOW_TRINKET
7.0,540202,7276401144,536682,WARD_PLACED,YELLOW_TRINKET
7.0,600222,7276401144,556469,WARD_PLACED,YELLOW_TRINKET
4.0,600222,7276401144,595097,WARD_PLACED,UNDEFINED
4.0,600222,7276401144,596567,WARD_PLACED,YELLOW_TRINKET
4.0,600222,7276401144,599153,WARD_PLACED,UNDEFINED
10.0,660224,7276401144,607470,WARD_PLACED,SIGHT_WARD
4.0,660224,7276401144,621424,WARD_PLACED,UNDEFINED
5.0,660224,7276401144,624296,WARD_PLACED,SIGHT_WARD
3.0,660224,7276401144,643874,WARD_PLACED,YELLOW_TRINKET
4.0,660224,7276401144,644342,WARD_PLACED,UNDEFINED
10.0,720231,7276401144,664803,WARD_PLACED,CONTROL_WARD
10.0,720231,7276401144,666774,WARD_PLACED,SIGHT_WARD
4.0,720231,7276401144,667709,WARD_PLACED,UNDEFINED
5.0,720231,7276401144,667876,WARD_PLACED,SIGHT_WARD
8.0,720231,7276401144,680889,WARD_PLACED,YELLOW_TRINKET
10.0,720231,7276401144,685466,WARD_PLACED,SIGHT_WARD
6.0,720231,7276401144,707892,WARD_PLACED,YELLOW_TRINKET
5.0,720231,7276401144,718929,WARD_PLACED,SIGHT_WARD
4.0,780264,7276401144,731398,WARD_PLACED,UNDEFINED
4.0,780264,7276401144,734253,WARD_PLACED,UNDEFINED
4.0,780264,7276401144,747316,WARD_PLACED,YELLOW_TRINKET
2.0,780264,7276401144,749988,WARD_PLACED,CONTROL_WARD
4.0,780264,7276401144,758246,WARD_PLACED,UNDEFINED
5.0,780264,7276401144,758513,WARD_PLACED,SIGHT_WARD
10.0,780264,7276401144,763839,WARD_PLACED,CONTROL_WARD
9.0,780264,7276401144,774769,WARD_PLACED,YELLOW_TRINKET
8.0,840285,7276401144,799391,WARD_PLACED,YELLOW_TRINKET
4.0,840285,7276401144,818732,WARD_PLACED,UNDEFINED
5.0,840285,7276401144,820936,WARD_PLACED,SIGHT_WARD
4.0,840285,7276401144,821103,WARD_PLACED,UNDEFINED
5.0,840285,7276401144,830962,WARD_PLACED,SIGHT_WARD
5.0,840285,7276401144,832866,WARD_PLACED,SIGHT_WARD
5.0,840285,7276401144,834774,WARD_PLACED,CONTROL_WARD
10.0,840285,7276401144,835175,WARD_PLACED,SIGHT_WARD
10.0,900288,7276401144,843293,WARD_PLACED,CONTROL_WARD
10.0,900288,7276401144,845798,WARD_PLACED,SIGHT_WARD
9.0,900288,7276401144,852281,WARD_PLACED,CONTROL_WARD
1.0,900288,7276401144,852481,WARD_PLACED,YELLOW_TRINKET
4.0,900288,7276401144,853049,WARD_PLACED,UNDEFINED
6.0,900288,7276401144,865528,WARD_PLACED,CONTROL_WARD
10.0,900288,7276401144,866396,WARD_PLACED,CONTROL_WARD
10.0,900288,7276401144,869436,WARD_PLACED,SIGHT_WARD
10.0,900288,7276401144,870439,WARD_PLACED,SIGHT_WARD
4.0,900288,7276401144,879604,WARD_PLACED,UNDEFINED
4.0,900288,7276401144,894190,WARD_PLACED,UNDEFINED
4.0,958008,7276401144,915366,WARD_PLACED,UNDEFINED
7.0,958008,7276401144,917437,WARD_PLACED,CONTROL_WARD
4.0,958008,7276401144,948826,WARD_PLACED,UNDEFINED
4.0,958008,7276401144,949026,WARD_PLACED,BLUE_TRINKET
2.0,958008,7276401144,953223,WARD_PLACED,CONTROL_WARD
0.0,0,7276335666,0,WARD_PLACED,UNDEFINED
10.0,180090,7276335666,154697,WARD_PLACED,YELLOW_TRINKET
8.0,180090,7276335666,162684,WARD_PLACED,YELLOW_TRINKET
5.0,240091,7276335666,189576,WARD_PLACED,UNDEFINED
3.0,240091,7276335666,192113,WARD_PLACED,YELLOW_TRINKET
4.0,240091,7276335666,196222,WARD_PLACED,YELLOW_TRINKET
5.0,240091,7276335666,197224,WARD_PLACED,UNDEFINED
5.0,240091,7276335666,205990,WARD_PLACED,UNDEFINED
5.0,240091,7276335666,214474,WARD_PLACED,UNDEFINED
3.0,300092,7276335666,266862,WARD_PLACED,CONTROL_WARD
10.0,300092,7276335666,277119,WARD_PLACED,YELLOW_TRINKET
5.0,300092,7276335666,278789,WARD_PLACED,CONTROL_WARD
3.0,300092,7276335666,286839,WARD_PLACED,YELLOW_TRINKET
1.0,300092,7276335666,293185,WARD_PLACED,YELLOW_TRINKET
9.0,360094,7276335666,304000,WARD_PLACED,YELLOW_TRINKET
5.0,360094,7276335666,330560,WARD_PLACED,UNDEFINED
9.0,360094,7276335666,350637,WARD_PLACED,YELLOW_TRINKET
7.0,420130,7276335666,369416,WARD_PLACED,CONTROL_WARD
5.0,420130,7276335666,370051,WARD_PLACED,UNDEFINED
4.0,420130,7276335666,379002,WARD_PLACED,YELLOW_TRINKET
6.0,420130,7276335666,382676,WARD_PLACED,YELLOW_TRINKET
8.0,420130,7276335666,390260,WARD_PLACED,YELLOW_TRINKET
2.0,420130,7276335666,396506,WARD_PLACED,CONTROL_WARD
1.0,420130,7276335666,401183,WARD_PLACED,YELLOW_TRINKET
5.0,420130,7276335666,409067,WARD_PLACED,UNDEFINED
10.0,480132,7276335666,424238,WARD_PLACED,YELLOW_TRINKET
4.0,480132,7276335666,439505,WARD_PLACED,YELLOW_TRINKET
3.0,480132,7276335666,451368,WARD_PLACED,YELLOW_TRINKET
5.0,480132,7276335666,475656,WARD_PLACED,CONTROL_WARD
5.0,480132,7276335666,477760,WARD_PLACED,UNDEFINED
2.0,540134,7276335666,491955,WARD_PLACED,CONTROL_WARD
5.0,540134,7276335666,511369,WARD_PLACED,UNDEFINED
6.0,540134,7276335666,521258,WARD_PLACED,YELLOW_TRINKET
5.0,540134,7276335666,527203,WARD_PLACED,UNDEFINED
5.0,600153,7276335666,559714,WARD_PLACED,UNDEFINED
5.0,600153,7276335666,566962,WARD_PLACED,UNDEFINED
5.0,600153,7276335666,575855,WARD_PLACED,UNDEFINED
5.0,600153,7276335666,583885,WARD_PLACED,UNDEFINED
5.0,600153,7276335666,593270,WARD_PLACED,SIGHT_WARD
8.0,660173,7276335666,615155,WARD_PLACED,YELLOW_TRINKET
5.0,660173,7276335666,616892,WARD_PLACED,UNDEFINED
1.0,660173,7276335666,619631,WARD_PLACED,YELLOW_TRINKET
5.0,660173,7276335666,621134,WARD_PLACED,SIGHT_WARD
10.0,660173,7276335666,622737,WARD_PLACED,SIGHT_WARD
5.0,660173,7276335666,624340,WARD_PLACED,UNDEFINED
5.0,660173,7276335666,631891,WARD_PLACED,UNDEFINED
6.0,660173,7276335666,644451,WARD_PLACED,YELLOW_TRINKET
10.0,660173,7276335666,651933,WARD_PLACED,SIGHT_WARD
3.0,660173,7276335666,653168,WARD_PLACED,YELLOW_TRINKET
9.0,720175,7276335666,660843,WARD_PLACED,YELLOW_TRINKET
5.0,720175,7276335666,661411,WARD_PLACED,UNDEFINED
4.0,720175,7276335666,672201,WARD_PLACED,YELLOW_TRINKET
10.0,720175,7276335666,678592,WARD_PLACED,SIGHT_WARD
5.0,720175,7276335666,695341,WARD_PLACED,CONTROL_WARD
5.0,720175,7276335666,696677,WARD_PLACED,UNDEFINED
5.0,720175,7276335666,703934,WARD_PLACED,UNDEFINED
5.0,780196,7276335666,721411,WARD_PLACED,SIGHT_WARD
9.0,780196,7276335666,724818,WARD_PLACED,YELLOW_TRINKET
5.0,780196,7276335666,725787,WARD_PLACED,SIGHT_WARD
5.0,780196,7276335666,735980,WARD_PLACED,UNDEFINED
1.0,780196,7276335666,737950,WARD_PLACED,YELLOW_TRINKET
5.0,780196,7276335666,745273,WARD_PLACED,UNDEFINED
5.0,780196,7276335666,752287,WARD_PLACED,UNDEFINED
5.0,780196,7276335666,772573,WARD_PLACED,UNDEFINED
5.0,780196,7276335666,779924,WARD_PLACED,UNDEFINED
10.0,840223,7276335666,787110,WARD_PLACED,CONTROL_WARD
10.0,840223,7276335666,815855,WARD_PLACED,SIGHT_WARD
10.0,840223,7276335666,823704,WARD_PLACED,SIGHT_WARD
5.0,840223,7276335666,831058,WARD_PLACED,SIGHT_WARD
5.0,840223,7276335666,833476,WARD_PLACED,UNDEFINED
8.0,840223,7276335666,835380,WARD_PLACED,BLUE_TRINKET
4.0,900235,7276335666,849954,WARD_PLACED,YELLOW_TRINKET
3.0,900235,7276335666,851891,WARD_PLACED,CONTROL_WARD
5.0,900235,7276335666,860108,WARD_PLACED,UNDEFINED
10.0,900235,7276335666,865519,WARD_PLACED,SIGHT_WARD
2.0,900235,7276335666,868509,WARD_PLACED,CONTROL_WARD
5.0,900235,7276335666,891171,WARD_PLACED,SIGHT_WARD
5.0,960240,7276335666,906915,WARD_PLACED,UNDEFINED
6.0,960240,7276335666,906948,WARD_PLACED,YELLOW_TRINKET
9.0,960240,7276335666,909890,WARD_PLACED,YELLOW_TRINKET
5.0,960240,7276335666,914667,WARD_PLACED,SIGHT_WARD
10.0,960240,7276335666,935662,WARD_PLACED,SIGHT_WARD
5.0,960240,7276335666,944063,WARD_PLACED,UNDEFINED
5.0,960240,7276335666,949609,WARD_PLACED,UNDEFINED
5.0,960240,7276335666,955121,WARD_PLACED,UNDEFINED
2.0,960240,7276335666,957602,WARD_PLACED,CONTROL_WARD
10.0,1020245,7276335666,972415,WARD_PLACED,SIGHT_WARD
5.0,1020245,7276335666,974118,WARD_PLACED,UNDEFINED
5.0,1020245,7276335666,978294,WARD_PLACED,CONTROL_WARD
5.0,1020245,7276335666,982843,WARD_PLACED,UNDEFINED
10.0,1020245,7276335666,985682,WARD_PLACED,CONTROL_WARD
10.0,1020245,7276335666,990994,WARD_PLACED,SIGHT_WARD
1.0,1020245,7276335666,1001450,WARD_PLACED,YELLOW_TRINKET
5.0,1020245,7276335666,1016695,WARD_PLACED,UNDEFINED
5.0,1080252,7276335666,1027994,WARD_PLACED,UNDEFINED
9.0,1080252,7276335666,1029764,WARD_PLACED,YELLOW_TRINKET
4.0,1080252,7276335666,1036151,WARD_PLACED,BLUE_TRINKET
5.0,1080252,7276335666,1042805,WARD_PLACED,SIGHT_WARD
5.0,1080252,7276335666,1054313,WARD_PLACED,UNDEFINED
8.0,1080252,7276335666,1057390,WARD_PLACED,BLUE_TRINKET
10.0,1080252,7276335666,1079851,WARD_PLACED,SIGHT_WARD
5.0,1140259,7276335666,1090115,WARD_PLACED,UNDEFINED
10.0,1140259,7276335666,1093689,WARD_PLACED,SIGHT_WARD
5.0,1140259,7276335666,1115834,WARD_PLACED,CONTROL_WARD
5.0,1140259,7276335666,1119809,WARD_PLACED,SIGHT_WARD
7.0,1140259,7276335666,1122314,WARD_PLACED,CONTROL_WARD
1.0,1140259,7276335666,1131646,WARD_PLACED,YELLOW_TRINKET
5.0,1140259,7276335666,1135720,WARD_PLACED,SIGHT_WARD
5.0,1140259,7276335666,1139594,WARD_PLACED,SIGHT_WARD
10.0,1200275,7276335666,1144301,WARD_PLACED,CONTROL_WARD
5.0,1200275,7276335666,1148430,WARD_PLACED,UNDEFINED
10.0,1200275,7276335666,1150501,WARD_PLACED,SIGHT_WARD
5.0,1200275,7276335666,1161294,WARD_PLACED,UNDEFINED
5.0,1200275,7276335666,1180964,WARD_PLACED,UNDEFINED
6.0,1260298,7276335666,1208325,WARD_PLACED,YELLOW_TRINKET
5.0,1260298,7276335666,1213217,WARD_PLACED,UNDEFINED
10.0,1260298,7276335666,1213618,WARD_PLACED,SIGHT_WARD
8.0,1260298,7276335666,1223452,WARD_PLACED,CONTROL_WARD
10.0,1260298,7276335666,1224555,WARD_PLACED,SIGHT_WARD
5.0,1260298,7276335666,1225457,WARD_PLACED,UNDEFINED
9.0,1260298,7276335666,1249900,WARD_PLACED,BLUE_TRINKET
5.0,1260298,7276335666,1257778,WARD_PLACED,CONTROL_WARD
10.0,1320330,7276335666,1272825,WARD_PLACED,SIGHT_WARD
5.0,1320330,7276335666,1274295,WARD_PLACED,SIGHT_WARD
7.0,1320330,7276335666,1275063,WARD_PLACED,CONTROL_WARD
6.0,1320330,7276335666,1278807,WARD_PLACED,YELLOW_TRINKET
10.0,1320330,7276335666,1281013,WARD_PLACED,CONTROL_WARD
5.0,1320330,7276335666,1289805,WARD_PLACED,UNDEFINED
10.0,1320330,7276335666,1301543,WARD_PLACED,SIGHT_WARD
5.0,1320330,7276335666,1303280,WARD_PLACED,CONTROL_WARD
9.0,1320330,7276335666,1309039,WARD_PLACED,CONTROL_WARD
8.0,1380346,7276335666,1330627,WARD_PLACED,BLUE_TRINKET
7.0,1380346,7276335666,1330928,WARD_PLACED,CONTROL_WARD
10.0,1380346,7276335666,1334772,WARD_PLACED,CONTROL_WARD
10.0,1380346,7276335666,1344404,WARD_PLACED,SIGHT_WARD
1.0,1380346,7276335666,1346712,WARD_PLACED,YELLOW_TRINKET
1.0,1380346,7276335666,1350320,WARD_PLACED,YELLOW_TRINKET
5.0,1380346,7276335666,1350987,WARD_PLACED,UNDEFINED
5.0,1380346,7276335666,1364421,WARD_PLACED,SIGHT_WARD
5.0,1429418,7276335666,1382754,WARD_PLACED,SIGHT_WARD
5.0,1429418,7276335666,1398799,WARD_PLACED,UNDEFINED
8.0,1429418,7276335666,1404518,WARD_PLACED,CONTROL_WARD
10.0,1429418,7276335666,1404586,WARD_PLACED,SIGHT_WARD
10.0,1429418,7276335666,1408708,WARD_PLACED,SIGHT_WARD
5.0,1429418,7276335666,1424337,WARD_PLACED,UNDEFINED
