frame_timestamp,game_id,level_up_type,participant_id,skill_slot,timestamp,type
60013,7494844141,NORMAL,2.0,2.0,11675,SKILL_LEVEL_UP
60013,7494844141,NORMAL,6.0,1.0,14915,SKILL_LEVEL_UP
60013,7494844141,NORMAL,10.0,1.0,23766,SKILL_LEVEL_UP
60013,7494844141,NORMAL,1.0,3.0,27107,SKILL_LEVEL_UP
60013,7494844141,NORMAL,7.0,1.0,41905,SKILL_LEVEL_UP
60013,7494844141,NORMAL,5.0,1.0,44777,SKILL_LEVEL_UP
60013,7494844141,NORMAL,4.0,2.0,44911,SKILL_LEVEL_UP
120033,7494844141,NORMAL,9.0,1.0,70394,SKILL_LEVEL_UP
120033,7494844141,NORMAL,8.0,1.0,84824,SKILL_LEVEL_UP
120033,7494844141,NORMAL,3.0,1.0,90201,SKILL_LEVEL_UP
120033,7494844141,NORMAL,7.0,2.0,105736,SKILL_LEVEL_UP
120033,7494844141,NORMAL,1.0,1.0,114622,SKILL_LEVEL_UP
180132,7494844141,NORMAL,8.0,3.0,124642,SKILL_LEVEL_UP
180132,7494844141,NORMAL,3.0,3.0,127848,SKILL_LEVEL_UP
180132,7494844141,NORMAL,4.0,1.0,128717,SKILL_LEVEL_UP
180132,7494844141,NORMAL,2.0,1.0,130153,SKILL_LEVEL_UP
180132,7494844141,NORMAL,9.0,3.0,145152,SKILL_LEVEL_UP
180132,7494844141,NORMAL,6.0,3.0,155206,SKILL_LEVEL_UP
180132,7494844141,NORMAL,1.0,2.0,159489,SKILL_LEVEL_UP
180132,7494844141,NORMAL,2.0,3.0,159923,SKILL_LEVEL_UP
180132,7494844141,NORMAL,5.0,2.0,163798,SKILL_LEVEL_UP
180132,7494844141,NORMAL,3.0,2.0,164733,SKILL_LEVEL_UP
180132,7494844141,NORMAL,8.0,2.0,164934,SKILL_LEVEL_UP
180132,7494844141,NORMAL,10.0,2.0,170612,SKILL_LEVEL_UP
180132,7494844141,NORMAL,9.0,2.0,176223,SKILL_LEVEL_UP
240140,7494844141,NORMAL,4.0,3.0,190862,SKILL_LEVEL_UP
240140,7494844141,NORMAL,2.0,2.0,201054,SKILL_LEVEL_UP
240140,7494844141,NORMAL,9.0,1.0,208469,SKILL_LEVEL_UP
240140,7494844141,NORMAL,8.0,1.0,211645,SKILL_LEVEL_UP
240140,7494844141,NORMAL,10.0,3.0,239238,SKILL_LEVEL_UP
300153,7494844141,NORMAL,1.0,1.0,246489,SKILL_LEVEL_UP
300153,7494844141,NORMAL,3.0,1.0,248059,SKILL_LEVEL_UP
300153,7494844141,NORMAL,4.0,1.0,254383,SKILL_LEVEL_UP
300153,7494844141,NORMAL,5.0,3.0,256154,SKILL_LEVEL_UP
300153,7494844141,NORMAL,7.0,3.0,265406,SKILL_LEVEL_UP
300153,7494844141,NORMAL,8.0,1.0,265573,SKILL_LEVEL_UP
300153,7494844141,NORMAL,9.0,1.0,265773,SKILL_LEVEL_UP
300153,7494844141,NORMAL,3.0,1.0,273526,SKILL_LEVEL_UP
300153,7494844141,NORMAL,6.0,2.0,274428,SKILL_LEVEL_UP
300153,7494844141,NORMAL,1.0,1.0,291634,SKILL_LEVEL_UP
360185,7494844141,NORMAL,2.0,2.0,309538,SKILL_LEVEL_UP
360185,7494844141,NORMAL,4.0,1.0,309839,SKILL_LEVEL_UP
360185,7494844141,NORMAL,5.0,2.0,310674,SKILL_LEVEL_UP
360185,7494844141,NORMAL,10.0,1.0,317220,SKILL_LEVEL_UP
360185,7494844141,NORMAL,8.0,4.0,333659,SKILL_LEVEL_UP
360185,7494844141,NORMAL,9.0,4.0,348291,SKILL_LEVEL_UP
420215,7494844141,NORMAL,3.0,4.0,375383,SKILL_LEVEL_UP
420215,7494844141,NORMAL,7.0,1.0,386410,SKILL_LEVEL_UP
420215,7494844141,NORMAL,10.0,1.0,387279,SKILL_LEVEL_UP
420215,7494844141,NORMAL,2.0,4.0,397566,SKILL_LEVEL_UP
420215,7494844141,NORMAL,5.0,3.0,399804,SKILL_LEVEL_UP
420215,7494844141,NORMAL,6.0,1.0,409247,SKILL_LEVEL_UP
420215,7494844141,NORMAL,9.0,1.0,410249,SKILL_LEVEL_UP
420215,7494844141,NORMAL,8.0,1.0,413169,SKILL_LEVEL_UP
420215,7494844141,NORMAL,1.0,4.0,416308,SKILL_LEVEL_UP
480247,7494844141,NORMAL,7.0,1.0,424925,SKILL_LEVEL_UP
480247,7494844141,NORMAL,10.0,4.0,433346,SKILL_LEVEL_UP
480247,7494844141,NORMAL,4.0,4.0,435851,SKILL_LEVEL_UP
480247,7494844141,NORMAL,3.0,1.0,472028,SKILL_LEVEL_UP
480247,7494844141,NORMAL,2.0,2.0,472696,SKILL_LEVEL_UP
540255,7494844141,NORMAL,8.0,2.0,488080,SKILL_LEVEL_UP
540255,7494844141,NORMAL,1.0,1.0,498706,SKILL_LEVEL_UP
540255,7494844141,NORMAL,6.0,1.0,510476,SKILL_LEVEL_UP
540255,7494844141,NORMAL,9.0,2.0,524013,SKILL_LEVEL_UP
540255,7494844141,NORMAL,4.0,1.0,539086,SKILL_LEVEL_UP
600270,7494844141,NORMAL,7.0,4.0,551181,SKILL_LEVEL_UP
600270,7494844141,NORMAL,10.0,1.0,565689,SKILL_LEVEL_UP
600270,7494844141,NORMAL,5.0,4.0,575883,SKILL_LEVEL_UP
600270,7494844141,NORMAL,3.0,3.0,576684,SKILL_LEVEL_UP
600270,7494844141,NORMAL,2.0,1.0,588946,SKILL_LEVEL_UP
660285,7494844141,NORMAL,1.0,3.0,603677,SKILL_LEVEL_UP
660285,7494844141,NORMAL,8.0,1.0,612571,SKILL_LEVEL_UP
660285,7494844141,NORMAL,7.0,1.0,614007,SKILL_LEVEL_UP
660285,7494844141,NORMAL,9.0,1.0,616879,SKILL_LEVEL_UP
660285,7494844141,NORMAL,6.0,4.0,628347,SKILL_LEVEL_UP
660285,7494844141,NORMAL,10.0,2.0,647591,SKILL_LEVEL_UP
720305,7494844141,NORMAL,3.0,1.0,666063,SKILL_LEVEL_UP
720305,7494844141,NORMAL,4.0,2.0,666631,SKILL_LEVEL_UP
720305,7494844141,NORMAL,8.0,2.0,718902,SKILL_LEVEL_UP
780322,7494844141,NORMAL,1.0,1.0,723745,SKILL_LEVEL_UP
780322,7494844141,NORMAL,7.0,2.0,724113,SKILL_LEVEL_UP
780322,7494844141,NORMAL,9.0,2.0,729764,SKILL_LEVEL_UP
780322,7494844141,NORMAL,10.0,1.0,735476,SKILL_LEVEL_UP
780322,7494844141,NORMAL,2.0,2.0,738082,SKILL_LEVEL_UP
780322,7494844141,NORMAL,5.0,3.0,743860,SKILL_LEVEL_UP
780322,7494844141,NORMAL,4.0,1.0,758234,SKILL_LEVEL_UP
780322,7494844141,NORMAL,6.0,1.0,768120,SKILL_LEVEL_UP
840348,7494844141,NORMAL,3.0,3.0,793909,SKILL_LEVEL_UP
840348,7494844141,NORMAL,8.0,4.0,821525,SKILL_LEVEL_UP
840348,7494844141,NORMAL,9.0,4.0,825643,SKILL_LEVEL_UP
900376,7494844141,NORMAL,7.0,1.0,852210,SKILL_LEVEL_UP
900376,7494844141,NORMAL,5.0,3.0,879296,SKILL_LEVEL_UP
900376,7494844141,NORMAL,2.0,1.0,879764,SKILL_LEVEL_UP
960391,7494844141,NORMAL,3.0,4.0,904284,SKILL_LEVEL_UP
960391,7494844141,NORMAL,1.0,3.0,913975,SKILL_LEVEL_UP
960391,7494844141,NORMAL,10.0,2.0,936209,SKILL_LEVEL_UP
960391,7494844141,NORMAL,9.0,2.0,937450,SKILL_LEVEL_UP
960391,7494844141,NORMAL,4.0,2.0,939989,SKILL_LEVEL_UP
960391,7494844141,NORMAL,7.0,2.0,954713,SKILL_LEVEL_UP
960391,7494844141,NORMAL,6.0,2.0,959890,SKILL_LEVEL_UP
1020409,7494844141,NORMAL,8.0,2.0,963664,SKILL_LEVEL_UP
1080412,7494844141,NORMAL,10.0,4.0,1061702,SKILL_LEVEL_UP
1080412,7494844141,NORMAL,4.0,4.0,1066422,SKILL_LEVEL_UP
1080412,7494844141,NORMAL,2.0,4.0,1066756,SKILL_LEVEL_UP
1080412,7494844141,NORMAL,3.0,3.0,1066889,SKILL_LEVEL_UP
1080412,7494844141,NORMAL,1.0,4.0,1072889,SKILL_LEVEL_UP
1080412,7494844141,NORMAL,9.0,2.0,1074192,SKILL_LEVEL_UP
1080412,7494844141,NORMAL,5.0,2.0,1080378,SKILL_LEVEL_UP
1140417,7494844141,NORMAL,8.0,2.0,1096326,SKILL_LEVEL_UP
1140417,7494844141,NORMAL,7.0,4.0,1125763,SKILL_LEVEL_UP
1200429,7494844141,NORMAL,6.0,1.0,1142020,SKILL_LEVEL_UP
1200429,7494844141,NORMAL,2.0,1.0,1175411,SKILL_LEVEL_UP
1200429,7494844141,NORMAL,9.0,3.0,1184417,SKILL_LEVEL_UP
1260462,7494844141,NORMAL,10.0,2.0,1207359,SKILL_LEVEL_UP
1260462,7494844141,NORMAL,6.0,2.0,1211702,SKILL_LEVEL_UP
1260462,7494844141,NORMAL,4.0,2.0,1225474,SKILL_LEVEL_UP
1260462,7494844141,NORMAL,5.0,3.0,1252488,SKILL_LEVEL_UP
1320470,7494844141,NORMAL,1.0,3.0,1264604,SKILL_LEVEL_UP
1320470,7494844141,NORMAL,8.0,3.0,1265840,SKILL_LEVEL_UP
1320470,7494844141,NORMAL,7.0,2.0,1272370,SKILL_LEVEL_UP
1320470,7494844141,NORMAL,3.0,3.0,1310064,SKILL_LEVEL_UP
1380471,7494844141,NORMAL,8.0,3.0,1352721,SKILL_LEVEL_UP
1380471,7494844141,NORMAL,5.0,4.0,1353155,SKILL_LEVEL_UP
1380471,7494844141,NORMAL,10.0,2.0,1355631,SKILL_LEVEL_UP
1380471,7494844141,NORMAL,2.0,1.0,1377044,SKILL_LEVEL_UP
1380471,7494844141,NORMAL,4.0,2.0,1379983,SKILL_LEVEL_UP
1440482,7494844141,NORMAL,9.0,3.0,1385782,SKILL_LEVEL_UP
1440482,7494844141,NORMAL,6.0,4.0,1420208,SKILL_LEVEL_UP
1440482,7494844141,NORMAL,1.0,3.0,1422781,SKILL_LEVEL_UP
1440482,7494844141,NORMAL,7.0,2.0,1432685,SKILL_LEVEL_UP
1440482,7494844141,NORMAL,10.0,3.0,1435839,SKILL_LEVEL_UP
1500494,7494844141,NORMAL,2.0,3.0,1445902,SKILL_LEVEL_UP
1500494,7494844141,NORMAL,6.0,2.0,1462034,SKILL_LEVEL_UP
1560520,7494844141,NORMAL,9.0,4.0,1503032,SKILL_LEVEL_UP
1560520,7494844141,NORMAL,1.0,2.0,1523683,SKILL_LEVEL_UP
1560520,7494844141,NORMAL,7.0,3.0,1526700,SKILL_LEVEL_UP
1560520,7494844141,NORMAL,4.0,3.0,1557237,SKILL_LEVEL_UP
1620528,7494844141,NORMAL,6.0,2.0,1564129,SKILL_LEVEL_UP
1620528,7494844141,NORMAL,10.0,3.0,1564563,SKILL_LEVEL_UP
1620528,7494844141,NORMAL,3.0,2.0,1565131,SKILL_LEVEL_UP
1620528,7494844141,NORMAL,8.0,4.0,1580568,SKILL_LEVEL_UP
1620528,7494844141,NORMAL,5.0,1.0,1582512,SKILL_LEVEL_UP
1620528,7494844141,NORMAL,4.0,3.0,1604344,SKILL_LEVEL_UP
1680552,7494844141,NORMAL,2.0,3.0,1634324,SKILL_LEVEL_UP
1680552,7494844141,NORMAL,1.0,2.0,1640336,SKILL_LEVEL_UP
1680552,7494844141,NORMAL,5.0,1.0,1654154,SKILL_LEVEL_UP
1680552,7494844141,NORMAL,7.0,3.0,1677479,SKILL_LEVEL_UP
1740563,7494844141,NORMAL,3.0,2.0,1698168,SKILL_LEVEL_UP
1740563,7494844141,NORMAL,10.0,4.0,1700840,SKILL_LEVEL_UP
1740563,7494844141,NORMAL,6.0,3.0,1716368,SKILL_LEVEL_UP
1800583,7494844141,NORMAL,4.0,4.0,1755238,SKILL_LEVEL_UP
1800583,7494844141,NORMAL,9.0,3.0,1756941,SKILL_LEVEL_UP
1800583,7494844141,NORMAL,8.0,3.0,1760161,SKILL_LEVEL_UP
1860603,7494844141,NORMAL,2.0,4.0,1858131,SKILL_LEVEL_UP
1920615,7494844141,NORMAL,5.0,2.0,1861874,SKILL_LEVEL_UP
1920615,7494844141,NORMAL,4.0,3.0,1870234,SKILL_LEVEL_UP
1920615,7494844141,NORMAL,1.0,4.0,1898055,SKILL_LEVEL_UP
1980632,7494844141,NORMAL,7.0,4.0,1923528,SKILL_LEVEL_UP
1980632,7494844141,NORMAL,3.0,4.0,1929173,SKILL_LEVEL_UP
2040645,7494844141,NORMAL,10.0,3.0,1989060,SKILL_LEVEL_UP
2040645,7494844141,NORMAL,8.0,3.0,2000855,SKILL_LEVEL_UP
2040645,7494844141,NORMAL,4.0,3.0,2032194,SKILL_LEVEL_UP
2040645,7494844141,NORMAL,6.0,3.0,2036670,SKILL_LEVEL_UP
2040645,7494844141,NORMAL,9.0,3.0,2039075,SKILL_LEVEL_UP
2100675,7494844141,NORMAL,7.0,3.0,2063190,SKILL_LEVEL_UP
2100675,7494844141,NORMAL,10.0,3.0,2085387,SKILL_LEVEL_UP
60032,7286919833,NORMAL,3.0,1.0,8562,SKILL_LEVEL_UP
60032,7286919833,NORMAL,2.0,1.0,9630,SKILL_LEVEL_UP
60032,7286919833,NORMAL,7.0,1.0,21889,SKILL_LEVEL_UP
60032,7286919833,NORMAL,8.0,1.0,41762,SKILL_LEVEL_UP
60032,7286919833,NORMAL,1.0,3.0,42864,SKILL_LEVEL_UP
120056,7286919833,NORMAL,5.0,1.0,66816,SKILL_LEVEL_UP
120056,7286919833,NORMAL,4.0,1.0,69188,SKILL_LEVEL_UP
120056,7286919833,NORMAL,9.0,1.0,70056,SKILL_LEVEL_UP
120056,7286919833,NORMAL,10.0,1.0,70357,SKILL_LEVEL_UP
120056,7286919833,NORMAL,2.0,3.0,106897,SKILL_LEVEL_UP
120056,7286919833,NORMAL,6.0,1.0,110471,SKILL_LEVEL_UP
120056,7286919833,NORMAL,7.0,2.0,114178,SKILL_LEVEL_UP
180107,7286919833,NORMAL,6.0,3.0,130912,SKILL_LEVEL_UP
180107,7286919833,NORMAL,8.0,2.0,131580,SKILL_LEVEL_UP
180107,7286919833,NORMAL,3.0,2.0,132214,SKILL_LEVEL_UP
180107,7286919833,NORMAL,1.0,1.0,133116,SKILL_LEVEL_UP
180107,7286919833,NORMAL,5.0,2.0,133817,SKILL_LEVEL_UP
180107,7286919833,NORMAL,4.0,2.0,137024,SKILL_LEVEL_UP
180107,7286919833,NORMAL,9.0,3.0,148714,SKILL_LEVEL_UP
180107,7286919833,NORMAL,10.0,3.0,149014,SKILL_LEVEL_UP
180107,7286919833,NORMAL,8.0,3.0,161473,SKILL_LEVEL_UP
180107,7286919833,NORMAL,3.0,3.0,162642,SKILL_LEVEL_UP
180107,7286919833,NORMAL,1.0,1.0,164178,SKILL_LEVEL_UP
180107,7286919833,NORMAL,7.0,3.0,167217,SKILL_LEVEL_UP
180107,7286919833,NORMAL,6.0,2.0,167885,SKILL_LEVEL_UP
240130,7286919833,NORMAL,2.0,1.0,185886,SKILL_LEVEL_UP
240130,7286919833,NORMAL,10.0,2.0,195104,SKILL_LEVEL_UP
240130,7286919833,NORMAL,9.0,2.0,196507,SKILL_LEVEL_UP
240130,7286919833,NORMAL,6.0,1.0,203054,SKILL_LEVEL_UP
240130,7286919833,NORMAL,5.0,3.0,208398,SKILL_LEVEL_UP
240130,7286919833,NORMAL,4.0,3.0,208999,SKILL_LEVEL_UP
240130,7286919833,NORMAL,8.0,1.0,211304,SKILL_LEVEL_UP
240130,7286919833,NORMAL,2.0,2.0,214811,SKILL_LEVEL_UP
240130,7286919833,NORMAL,1.0,2.0,223962,SKILL_LEVEL_UP
240130,7286919833,NORMAL,3.0,1.0,231146,SKILL_LEVEL_UP
300163,7286919833,NORMAL,4.0,1.0,251957,SKILL_LEVEL_UP
300163,7286919833,NORMAL,3.0,1.0,259317,SKILL_LEVEL_UP
300163,7286919833,NORMAL,1.0,1.0,275650,SKILL_LEVEL_UP
300163,7286919833,NORMAL,10.0,2.0,280093,SKILL_LEVEL_UP
300163,7286919833,NORMAL,7.0,1.0,292417,SKILL_LEVEL_UP
300163,7286919833,NORMAL,9.0,1.0,293820,SKILL_LEVEL_UP
300163,7286919833,NORMAL,8.0,1.0,298465,SKILL_LEVEL_UP
300163,7286919833,NORMAL,6.0,1.0,299935,SKILL_LEVEL_UP
360177,7286919833,NORMAL,6.0,4.0,336452,SKILL_LEVEL_UP
360177,7286919833,NORMAL,2.0,1.0,348754,SKILL_LEVEL_UP
360177,7286919833,NORMAL,3.0,4.0,350023,SKILL_LEVEL_UP
360177,7286919833,NORMAL,8.0,4.0,351293,SKILL_LEVEL_UP
360177,7286919833,NORMAL,4.0,1.0,357038,SKILL_LEVEL_UP
360177,7286919833,NORMAL,5.0,2.0,358607,SKILL_LEVEL_UP
420206,7286919833,NORMAL,1.0,4.0,369899,SKILL_LEVEL_UP
420206,7286919833,NORMAL,9.0,1.0,375677,SKILL_LEVEL_UP
420206,7286919833,NORMAL,7.0,1.0,404501,SKILL_LEVEL_UP
480229,7286919833,NORMAL,6.0,1.0,426519,SKILL_LEVEL_UP
480229,7286919833,NORMAL,2.0,4.0,441381,SKILL_LEVEL_UP
480229,7286919833,NORMAL,3.0,1.0,447360,SKILL_LEVEL_UP
480229,7286919833,NORMAL,9.0,4.0,451703,SKILL_LEVEL_UP
480229,7286919833,NORMAL,8.0,1.0,455077,SKILL_LEVEL_UP
480229,7286919833,NORMAL,1.0,1.0,455978,SKILL_LEVEL_UP
540234,7286919833,NORMAL,4.0,4.0,497231,SKILL_LEVEL_UP
540234,7286919833,NORMAL,5.0,2.0,500838,SKILL_LEVEL_UP
540234,7286919833,NORMAL,6.0,2.0,503611,SKILL_LEVEL_UP
540234,7286919833,NORMAL,10.0,2.0,510392,SKILL_LEVEL_UP
540234,7286919833,NORMAL,9.0,1.0,523755,SKILL_LEVEL_UP
540234,7286919833,NORMAL,3.0,3.0,532144,SKILL_LEVEL_UP
540234,7286919833,NORMAL,1.0,3.0,539224,SKILL_LEVEL_UP
600259,7286919833,NORMAL,7.0,4.0,542004,SKILL_LEVEL_UP
600259,7286919833,NORMAL,2.0,1.0,544041,SKILL_LEVEL_UP
600259,7286919833,NORMAL,4.0,1.0,579518,SKILL_LEVEL_UP
600259,7286919833,NORMAL,8.0,2.0,579585,SKILL_LEVEL_UP
660265,7286919833,NORMAL,3.0,1.0,611690,SKILL_LEVEL_UP
660265,7286919833,NORMAL,7.0,1.0,612659,SKILL_LEVEL_UP
660265,7286919833,NORMAL,1.0,1.0,614629,SKILL_LEVEL_UP
660265,7286919833,NORMAL,5.0,4.0,624348,SKILL_LEVEL_UP
660265,7286919833,NORMAL,6.0,1.0,630900,SKILL_LEVEL_UP
660265,7286919833,NORMAL,2.0,3.0,636879,SKILL_LEVEL_UP
660265,7286919833,NORMAL,10.0,4.0,638014,SKILL_LEVEL_UP
660265,7286919833,NORMAL,9.0,3.0,639050,SKILL_LEVEL_UP
720279,7286919833,NORMAL,4.0,2.0,677866,SKILL_LEVEL_UP
720279,7286919833,NORMAL,8.0,1.0,697788,SKILL_LEVEL_UP
720279,7286919833,NORMAL,3.0,3.0,705643,SKILL_LEVEL_UP
780286,7286919833,NORMAL,6.0,2.0,723285,SKILL_LEVEL_UP
780286,7286919833,NORMAL,1.0,3.0,740199,SKILL_LEVEL_UP
780286,7286919833,EVOLVE,4.0,1.0,749192,SKILL_LEVEL_UP
780286,7286919833,NORMAL,5.0,2.0,754102,SKILL_LEVEL_UP
780286,7286919833,NORMAL,7.0,3.0,775692,SKILL_LEVEL_UP
840302,7286919833,NORMAL,4.0,1.0,785330,SKILL_LEVEL_UP
840302,7286919833,NORMAL,9.0,1.0,791045,SKILL_LEVEL_UP
840302,7286919833,NORMAL,6.0,4.0,797925,SKILL_LEVEL_UP
900306,7286919833,NORMAL,4.0,2.0,842506,SKILL_LEVEL_UP
900306,7286919833,NORMAL,2.0,1.0,848355,SKILL_LEVEL_UP
900306,7286919833,NORMAL,10.0,2.0,849324,SKILL_LEVEL_UP
900306,7286919833,NORMAL,1.0,4.0,868307,SKILL_LEVEL_UP
900306,7286919833,NORMAL,3.0,4.0,870988,SKILL_LEVEL_UP
900306,7286919833,NORMAL,10.0,3.0,874595,SKILL_LEVEL_UP
900306,7286919833,NORMAL,8.0,2.0,886130,SKILL_LEVEL_UP
960333,7286919833,NORMAL,2.0,3.0,905316,SKILL_LEVEL_UP
960333,7286919833,NORMAL,7.0,1.0,908996,SKILL_LEVEL_UP
960333,7286919833,NORMAL,9.0,3.0,914875,SKILL_LEVEL_UP
960333,7286919833,NORMAL,6.0,2.0,937635,SKILL_LEVEL_UP
1020350,7286919833,NORMAL,3.0,3.0,970254,SKILL_LEVEL_UP
1020350,7286919833,NORMAL,1.0,3.0,973494,SKILL_LEVEL_UP
1020350,7286919833,NORMAL,2.0,4.0,985523,SKILL_LEVEL_UP
1020350,7286919833,NORMAL,8.0,4.0,997714,SKILL_LEVEL_UP
1020350,7286919833,NORMAL,7.0,3.0,1009071,SKILL_LEVEL_UP
1080381,7286919833,NORMAL,5.0,1.0,1021552,SKILL_LEVEL_UP
1080381,7286919833,NORMAL,4.0,4.0,1043051,SKILL_LEVEL_UP
1080381,7286919833,NORMAL,10.0,2.0,1069942,SKILL_LEVEL_UP
1080381,7286919833,NORMAL,9.0,4.0,1070877,SKILL_LEVEL_UP
1080381,7286919833,NORMAL,6.0,2.0,1075404,SKILL_LEVEL_UP
1140402,7286919833,NORMAL,3.0,3.0,1080815,SKILL_LEVEL_UP
1140402,7286919833,NORMAL,1.0,3.0,1082685,SKILL_LEVEL_UP
1140402,7286919833,NORMAL,8.0,2.0,1133549,SKILL_LEVEL_UP
1200405,7286919833,NORMAL,2.0,2.0,1142272,SKILL_LEVEL_UP
1200405,7286919833,NORMAL,7.0,4.0,1145178,SKILL_LEVEL_UP
1200405,7286919833,NORMAL,9.0,3.0,1177234,SKILL_LEVEL_UP
1260427,7286919833,NORMAL,1.0,2.0,1208561,SKILL_LEVEL_UP
1260427,7286919833,NORMAL,4.0,2.0,1230579,SKILL_LEVEL_UP
1260427,7286919833,NORMAL,3.0,2.0,1232283,SKILL_LEVEL_UP
1260427,7286919833,EVOLVE,4.0,3.0,1244443,SKILL_LEVEL_UP
1260427,7286919833,NORMAL,6.0,3.0,1248785,SKILL_LEVEL_UP
1320442,7286919833,NORMAL,2.0,2.0,1261195,SKILL_LEVEL_UP
1320442,7286919833,NORMAL,5.0,2.0,1266306,SKILL_LEVEL_UP
1320442,7286919833,NORMAL,7.0,3.0,1285069,SKILL_LEVEL_UP
1320442,7286919833,NORMAL,1.0,2.0,1293762,SKILL_LEVEL_UP
1320442,7286919833,NORMAL,9.0,3.0,1317765,SKILL_LEVEL_UP
1380470,7286919833,NORMAL,10.0,3.0,1323148,SKILL_LEVEL_UP
1380470,7286919833,NORMAL,5.0,1.0,1355502,SKILL_LEVEL_UP
1380470,7286919833,NORMAL,4.0,2.0,1356471,SKILL_LEVEL_UP
1380470,7286919833,NORMAL,2.0,3.0,1358308,SKILL_LEVEL_UP
1380470,7286919833,NORMAL,3.0,2.0,1364487,SKILL_LEVEL_UP
1440475,7286919833,NORMAL,8.0,2.0,1417913,SKILL_LEVEL_UP
1440475,7286919833,NORMAL,1.0,4.0,1421554,SKILL_LEVEL_UP
1500477,7286919833,NORMAL,5.0,4.0,1440675,SKILL_LEVEL_UP
1500477,7286919833,NORMAL,4.0,3.0,1444117,SKILL_LEVEL_UP
1500477,7286919833,NORMAL,2.0,3.0,1457849,SKILL_LEVEL_UP
1500477,7286919833,NORMAL,6.0,3.0,1461538,SKILL_LEVEL_UP
1500477,7286919833,EVOLVE,4.0,2.0,1481011,SKILL_LEVEL_UP
1557593,7286919833,NORMAL,3.0,4.0,1524759,SKILL_LEVEL_UP
1557593,7286919833,NORMAL,1.0,2.0,1526778,SKILL_LEVEL_UP
1557593,7286919833,NORMAL,10.0,4.0,1537772,SKILL_LEVEL_UP
1557593,7286919833,NORMAL,2.0,4.0,1538807,SKILL_LEVEL_UP
1557593,7286919833,NORMAL,4.0,3.0,1539141,SKILL_LEVEL_UP
120018,7279007354,NORMAL,5.0,3.0,72989,SKILL_LEVEL_UP
120018,7279007354,NORMAL,2.0,2.0,76997,SKILL_LEVEL_UP
120018,7279007354,NORMAL,6.0,1.0,78167,SKILL_LEVEL_UP
120018,7279007354,NORMAL,1.0,1.0,89022,SKILL_LEVEL_UP
120018,7279007354,NORMAL,8.0,1.0,93932,SKILL_LEVEL_UP
120018,7279007354,NORMAL,4.0,1.0,94833,SKILL_LEVEL_UP
120018,7279007354,NORMAL,9.0,1.0,96102,SKILL_LEVEL_UP
120018,7279007354,NORMAL,7.0,1.0,98073,SKILL_LEVEL_UP
120018,7279007354,NORMAL,2.0,1.0,106323,SKILL_LEVEL_UP
120018,7279007354,NORMAL,10.0,1.0,111669,SKILL_LEVEL_UP
180100,7279007354,NORMAL,7.0,3.0,124461,SKILL_LEVEL_UP
180100,7279007354,NORMAL,5.0,2.0,124862,SKILL_LEVEL_UP
180100,7279007354,NORMAL,8.0,2.0,127033,SKILL_LEVEL_UP
180100,7279007354,NORMAL,4.0,2.0,127333,SKILL_LEVEL_UP
180100,7279007354,NORMAL,1.0,3.0,129705,SKILL_LEVEL_UP
180100,7279007354,NORMAL,6.0,3.0,132350,SKILL_LEVEL_UP
180100,7279007354,NORMAL,10.0,2.0,138328,SKILL_LEVEL_UP
180100,7279007354,NORMAL,9.0,2.0,143271,SKILL_LEVEL_UP
180100,7279007354,NORMAL,2.0,3.0,149116,SKILL_LEVEL_UP
180100,7279007354,NORMAL,3.0,1.0,157233,SKILL_LEVEL_UP
180100,7279007354,NORMAL,6.0,1.0,157366,SKILL_LEVEL_UP
180100,7279007354,NORMAL,5.0,1.0,158101,SKILL_LEVEL_UP
180100,7279007354,NORMAL,8.0,1.0,160473,SKILL_LEVEL_UP
180100,7279007354,NORMAL,7.0,2.0,166718,SKILL_LEVEL_UP
180100,7279007354,NORMAL,3.0,2.0,175502,SKILL_LEVEL_UP
240124,7279007354,NORMAL,1.0,2.0,187014,SKILL_LEVEL_UP
240124,7279007354,NORMAL,10.0,3.0,187448,SKILL_LEVEL_UP
240124,7279007354,NORMAL,6.0,2.0,188016,SKILL_LEVEL_UP
240124,7279007354,NORMAL,9.0,1.0,188116,SKILL_LEVEL_UP
240124,7279007354,NORMAL,4.0,3.0,192570,SKILL_LEVEL_UP
240124,7279007354,NORMAL,5.0,3.0,196545,SKILL_LEVEL_UP
240124,7279007354,NORMAL,8.0,3.0,200052,SKILL_LEVEL_UP
240124,7279007354,NORMAL,2.0,3.0,220201,SKILL_LEVEL_UP
240124,7279007354,NORMAL,7.0,1.0,221779,SKILL_LEVEL_UP
240124,7279007354,NORMAL,1.0,1.0,229661,SKILL_LEVEL_UP
300129,7279007354,NORMAL,4.0,1.0,241400,SKILL_LEVEL_UP
300129,7279007354,NORMAL,3.0,3.0,251119,SKILL_LEVEL_UP
300129,7279007354,NORMAL,6.0,1.0,255899,SKILL_LEVEL_UP
300129,7279007354,NORMAL,8.0,1.0,263214,SKILL_LEVEL_UP
300129,7279007354,NORMAL,5.0,3.0,266730,SKILL_LEVEL_UP
300129,7279007354,NORMAL,9.0,3.0,279391,SKILL_LEVEL_UP
300129,7279007354,NORMAL,10.0,1.0,287208,SKILL_LEVEL_UP
360134,7279007354,NORMAL,1.0,1.0,300297,SKILL_LEVEL_UP
360134,7279007354,NORMAL,6.0,2.0,328323,SKILL_LEVEL_UP
360134,7279007354,NORMAL,4.0,1.0,339946,SKILL_LEVEL_UP
360134,7279007354,NORMAL,5.0,4.0,340681,SKILL_LEVEL_UP
360134,7279007354,NORMAL,8.0,4.0,344294,SKILL_LEVEL_UP
360134,7279007354,NORMAL,9.0,1.0,355491,SKILL_LEVEL_UP
420141,7279007354,NORMAL,7.0,1.0,361737,SKILL_LEVEL_UP
420141,7279007354,NORMAL,2.0,3.0,365378,SKILL_LEVEL_UP
420141,7279007354,NORMAL,6.0,1.0,375174,SKILL_LEVEL_UP
420141,7279007354,NORMAL,3.0,1.0,389309,SKILL_LEVEL_UP
420141,7279007354,NORMAL,1.0,4.0,406410,SKILL_LEVEL_UP
420141,7279007354,NORMAL,5.0,3.0,413360,SKILL_LEVEL_UP
420141,7279007354,NORMAL,4.0,4.0,416066,SKILL_LEVEL_UP
480141,7279007354,NORMAL,6.0,2.0,435810,SKILL_LEVEL_UP
480141,7279007354,NORMAL,9.0,4.0,437647,SKILL_LEVEL_UP
480141,7279007354,NORMAL,10.0,1.0,443058,SKILL_LEVEL_UP
480141,7279007354,NORMAL,8.0,1.0,450914,SKILL_LEVEL_UP
540148,7279007354,NORMAL,5.0,1.0,488024,SKILL_LEVEL_UP
540148,7279007354,NORMAL,7.0,4.0,514730,SKILL_LEVEL_UP
540148,7279007354,NORMAL,6.0,1.0,524658,SKILL_LEVEL_UP
540148,7279007354,NORMAL,4.0,1.0,530303,SKILL_LEVEL_UP
540148,7279007354,NORMAL,8.0,2.0,535947,SKILL_LEVEL_UP
600158,7279007354,NORMAL,1.0,2.0,544491,SKILL_LEVEL_UP
600158,7279007354,NORMAL,2.0,4.0,545426,SKILL_LEVEL_UP
600158,7279007354,NORMAL,9.0,1.0,546795,SKILL_LEVEL_UP
600158,7279007354,NORMAL,10.0,4.0,551742,SKILL_LEVEL_UP
600158,7279007354,NORMAL,5.0,3.0,577431,SKILL_LEVEL_UP
600158,7279007354,NORMAL,7.0,1.0,580581,SKILL_LEVEL_UP
600158,7279007354,NORMAL,3.0,1.0,582786,SKILL_LEVEL_UP
660184,7279007354,NORMAL,8.0,1.0,616134,SKILL_LEVEL_UP
660184,7279007354,EVOLVE,4.0,1.0,629803,SKILL_LEVEL_UP
660184,7279007354,NORMAL,6.0,2.0,632041,SKILL_LEVEL_UP
660184,7279007354,NORMAL,3.0,4.0,635014,SKILL_LEVEL_UP
720211,7279007354,NORMAL,3.0,1.0,664993,SKILL_LEVEL_UP
720211,7279007354,NORMAL,2.0,3.0,665594,SKILL_LEVEL_UP
720211,7279007354,NORMAL,4.0,3.0,665895,SKILL_LEVEL_UP
720211,7279007354,NORMAL,1.0,1.0,669736,SKILL_LEVEL_UP
720211,7279007354,NORMAL,9.0,2.0,673944,SKILL_LEVEL_UP
720211,7279007354,NORMAL,5.0,2.0,696144,SKILL_LEVEL_UP
720211,7279007354,NORMAL,7.0,3.0,696478,SKILL_LEVEL_UP
780227,7279007354,NORMAL,10.0,1.0,725041,SKILL_LEVEL_UP
780227,7279007354,NORMAL,8.0,2.0,726978,SKILL_LEVEL_UP
780227,7279007354,NORMAL,6.0,1.0,744560,SKILL_LEVEL_UP
780227,7279007354,NORMAL,9.0,1.0,766827,SKILL_LEVEL_UP
780227,7279007354,NORMAL,1.0,1.0,771879,SKILL_LEVEL_UP
780227,7279007354,NORMAL,2.0,2.0,776989,SKILL_LEVEL_UP
780227,7279007354,NORMAL,4.0,1.0,778425,SKILL_LEVEL_UP
840235,7279007354,NORMAL,3.0,2.0,780327,SKILL_LEVEL_UP
840235,7279007354,NORMAL,9.0,2.0,819042,SKILL_LEVEL_UP
840235,7279007354,NORMAL,7.0,1.0,835826,SKILL_LEVEL_UP
840235,7279007354,EVOLVE,4.0,3.0,836661,SKILL_LEVEL_UP
900250,7279007354,NORMAL,1.0,2.0,851066,SKILL_LEVEL_UP
900250,7279007354,NORMAL,5.0,4.0,875506,SKILL_LEVEL_UP
900250,7279007354,NORMAL,2.0,3.0,876274,SKILL_LEVEL_UP
900250,7279007354,NORMAL,8.0,4.0,882152,SKILL_LEVEL_UP
900250,7279007354,NORMAL,6.0,2.0,896349,SKILL_LEVEL_UP
960266,7279007354,NORMAL,4.0,3.0,900450,SKILL_LEVEL_UP
960266,7279007354,NORMAL,3.0,1.0,908637,SKILL_LEVEL_UP
960266,7279007354,NORMAL,6.0,2.0,938467,SKILL_LEVEL_UP
1020287,7279007354,NORMAL,1.0,4.0,983951,SKILL_LEVEL_UP
1020287,7279007354,EVOLVE,4.0,2.0,987157,SKILL_LEVEL_UP
1020287,7279007354,NORMAL,7.0,3.0,992256,SKILL_LEVEL_UP
1020287,7279007354,NORMAL,5.0,1.0,997901,SKILL_LEVEL_UP
1020287,7279007354,NORMAL,9.0,4.0,1004536,SKILL_LEVEL_UP
1020287,7279007354,NORMAL,10.0,2.0,1006039,SKILL_LEVEL_UP
1020287,7279007354,NORMAL,8.0,2.0,1009046,SKILL_LEVEL_UP
1080299,7279007354,NORMAL,4.0,4.0,1021456,SKILL_LEVEL_UP
1080299,7279007354,NORMAL,2.0,2.0,1032759,SKILL_LEVEL_UP
1080299,7279007354,NORMAL,6.0,3.0,1070041,SKILL_LEVEL_UP
1080299,7279007354,NORMAL,3.0,2.0,1079931,SKILL_LEVEL_UP
1140306,7279007354,NORMAL,10.0,1.0,1096119,SKILL_LEVEL_UP
1140306,7279007354,NORMAL,1.0,3.0,1114044,SKILL_LEVEL_UP
1140306,7279007354,NORMAL,8.0,2.0,1120674,SKILL_LEVEL_UP
1140306,7279007354,NORMAL,7.0,4.0,1130596,SKILL_LEVEL_UP
1200331,7279007354,NORMAL,6.0,3.0,1164575,SKILL_LEVEL_UP
1200331,7279007354,NORMAL,10.0,2.0,1172332,SKILL_LEVEL_UP
1200331,7279007354,NORMAL,5.0,2.0,1174302,SKILL_LEVEL_UP
1200331,7279007354,NORMAL,9.0,2.0,1184723,SKILL_LEVEL_UP
1200331,7279007354,NORMAL,2.0,4.0,1189242,SKILL_LEVEL_UP
1200331,7279007354,NORMAL,4.0,3.0,1192482,SKILL_LEVEL_UP
1260352,7279007354,NORMAL,7.0,3.0,1206627,SKILL_LEVEL_UP
1320359,7279007354,NORMAL,4.0,3.0,1287679,SKILL_LEVEL_UP
1320359,7279007354,NORMAL,8.0,3.0,1306335,SKILL_LEVEL_UP
1380384,7279007354,NORMAL,9.0,2.0,1320927,SKILL_LEVEL_UP
1380384,7279007354,NORMAL,5.0,2.0,1349318,SKILL_LEVEL_UP
1380384,7279007354,NORMAL,1.0,2.0,1365145,SKILL_LEVEL_UP
1380384,7279007354,NORMAL,10.0,4.0,1367483,SKILL_LEVEL_UP
1380384,7279007354,NORMAL,7.0,3.0,1373196,SKILL_LEVEL_UP
1440398,7279007354,NORMAL,3.0,4.0,1395120,SKILL_LEVEL_UP
1440398,7279007354,NORMAL,9.0,3.0,1428460,SKILL_LEVEL_UP
1440398,7279007354,NORMAL,8.0,3.0,1434739,SKILL_LEVEL_UP
1440398,7279007354,NORMAL,4.0,2.0,1435655,SKILL_LEVEL_UP
1500406,7279007354,NORMAL,2.0,2.0,1447120,SKILL_LEVEL_UP
1500406,7279007354,NORMAL,6.0,3.0,1473034,SKILL_LEVEL_UP
1500406,7279007354,NORMAL,3.0,2.0,1479747,SKILL_LEVEL_UP
1500406,7279007354,NORMAL,5.0,1.0,1500272,SKILL_LEVEL_UP
1560415,7279007354,NORMAL,7.0,2.0,1513305,SKILL_LEVEL_UP
1560415,7279007354,NORMAL,2.0,2.0,1544591,SKILL_LEVEL_UP
1560415,7279007354,NORMAL,1.0,2.0,1549868,SKILL_LEVEL_UP
1560415,7279007354,NORMAL,10.0,2.0,1555324,SKILL_LEVEL_UP
1620428,7279007354,NORMAL,4.0,2.0,1573235,SKILL_LEVEL_UP
1620428,7279007354,NORMAL,9.0,3.0,1616305,SKILL_LEVEL_UP
1680446,7279007354,NORMAL,8.0,4.0,1628515,SKILL_LEVEL_UP
1680446,7279007354,NORMAL,5.0,4.0,1635697,SKILL_LEVEL_UP
1680446,7279007354,NORMAL,6.0,3.0,1645990,SKILL_LEVEL_UP
1680446,7279007354,NORMAL,1.0,3.0,1671030,SKILL_LEVEL_UP
1740459,7279007354,NORMAL,3.0,2.0,1680746,SKILL_LEVEL_UP
1740459,7279007354,NORMAL,4.0,4.0,1707702,SKILL_LEVEL_UP
1740459,7279007354,NORMAL,2.0,1.0,1707869,SKILL_LEVEL_UP
1740459,7279007354,NORMAL,10.0,2.0,1712258,SKILL_LEVEL_UP
1740459,7279007354,NORMAL,7.0,2.0,1725050,SKILL_LEVEL_UP
1800464,7279007354,NORMAL,4.0,2.0,1767303,SKILL_LEVEL_UP
1800464,7279007354,NORMAL,8.0,3.0,1783590,SKILL_LEVEL_UP
1800464,7279007354,NORMAL,5.0,1.0,1795788,SKILL_LEVEL_UP
1800464,7279007354,NORMAL,9.0,4.0,1799329,SKILL_LEVEL_UP
1860471,7279007354,NORMAL,3.0,3.0,1825849,SKILL_LEVEL_UP
1860471,7279007354,NORMAL,1.0,4.0,1828288,SKILL_LEVEL_UP
1860471,7279007354,NORMAL,2.0,1.0,1845383,SKILL_LEVEL_UP
1920496,7279007354,NORMAL,10.0,3.0,1895191,SKILL_LEVEL_UP
1920496,7279007354,NORMAL,5.0,2.0,1903426,SKILL_LEVEL_UP
1920496,7279007354,NORMAL,8.0,3.0,1909858,SKILL_LEVEL_UP
1980527,7279007354,NORMAL,6.0,3.0,1958218,SKILL_LEVEL_UP
1980527,7279007354,NORMAL,7.0,4.0,1973343,SKILL_LEVEL_UP
2038851,7279007354,NORMAL,2.0,4.0,1990316,SKILL_LEVEL_UP
2038851,7279007354,NORMAL,3.0,3.0,1990850,SKILL_LEVEL_UP
2038851,7279007354,NORMAL,4.0,2.0,2008328,SKILL_LEVEL_UP
2038851,7279007354,NORMAL,1.0,3.0,2023881,SKILL_LEVEL_UP
60014,7278919282,NORMAL,4.0,1.0,23838,SKILL_LEVEL_UP
60014,7278919282,NORMAL,9.0,1.0,38902,SKILL_LEVEL_UP
60014,7278919282,NORMAL,2.0,1.0,45248,SKILL_LEVEL_UP
60014,7278919282,NORMAL,7.0,1.0,56838,SKILL_LEVEL_UP
60014,7278919282,NORMAL,1.0,3.0,59179,SKILL_LEVEL_UP
120017,7278919282,NORMAL,6.0,3.0,62657,SKILL_LEVEL_UP
120017,7278919282,NORMAL,8.0,1.0,68168,SKILL_LEVEL_UP
120017,7278919282,NORMAL,10.0,1.0,71475,SKILL_LEVEL_UP
120017,7278919282,NORMAL,3.0,2.0,71775,SKILL_LEVEL_UP
120017,7278919282,NORMAL,5.0,1.0,82365,SKILL_LEVEL_UP
120017,7278919282,NORMAL,7.0,2.0,109495,SKILL_LEVEL_UP
120017,7278919282,NORMAL,3.0,1.0,111131,SKILL_LEVEL_UP
120017,7278919282,NORMAL,2.0,2.0,113770,SKILL_LEVEL_UP
180044,7278919282,NORMAL,10.0,3.0,132878,SKILL_LEVEL_UP
180044,7278919282,NORMAL,9.0,3.0,133279,SKILL_LEVEL_UP
180044,7278919282,NORMAL,6.0,1.0,134147,SKILL_LEVEL_UP
180044,7278919282,NORMAL,5.0,3.0,148810,SKILL_LEVEL_UP
180044,7278919282,NORMAL,7.0,3.0,148977,SKILL_LEVEL_UP
180044,7278919282,NORMAL,1.0,1.0,149044,SKILL_LEVEL_UP
180044,7278919282,NORMAL,4.0,2.0,149110,SKILL_LEVEL_UP
180044,7278919282,NORMAL,8.0,2.0,153422,SKILL_LEVEL_UP
180044,7278919282,NORMAL,2.0,3.0,154591,SKILL_LEVEL_UP
180044,7278919282,NORMAL,3.0,3.0,156862,SKILL_LEVEL_UP
180044,7278919282,NORMAL,8.0,3.0,157731,SKILL_LEVEL_UP
180044,7278919282,NORMAL,6.0,2.0,164010,SKILL_LEVEL_UP
180044,7278919282,NORMAL,1.0,2.0,165647,SKILL_LEVEL_UP
240072,7278919282,NORMAL,9.0,2.0,193189,SKILL_LEVEL_UP
240072,7278919282,NORMAL,10.0,2.0,193389,SKILL_LEVEL_UP
240072,7278919282,NORMAL,5.0,2.0,196996,SKILL_LEVEL_UP
240072,7278919282,NORMAL,4.0,1.0,197631,SKILL_LEVEL_UP
240072,7278919282,NORMAL,3.0,1.0,198032,SKILL_LEVEL_UP
240072,7278919282,NORMAL,7.0,1.0,208661,SKILL_LEVEL_UP
240072,7278919282,NORMAL,8.0,2.0,209396,SKILL_LEVEL_UP
240072,7278919282,NORMAL,2.0,1.0,210365,SKILL_LEVEL_UP
240072,7278919282,NORMAL,6.0,1.0,210398,SKILL_LEVEL_UP
240072,7278919282,NORMAL,1.0,1.0,229042,SKILL_LEVEL_UP
300126,7278919282,NORMAL,6.0,1.0,256075,SKILL_LEVEL_UP
300126,7278919282,NORMAL,4.0,3.0,257077,SKILL_LEVEL_UP
300126,7278919282,NORMAL,5.0,3.0,257144,SKILL_LEVEL_UP
300126,7278919282,NORMAL,3.0,1.0,269068,SKILL_LEVEL_UP
300126,7278919282,NORMAL,8.0,2.0,270137,SKILL_LEVEL_UP
300126,7278919282,NORMAL,9.0,1.0,285787,SKILL_LEVEL_UP
300126,7278919282,NORMAL,10.0,1.0,286254,SKILL_LEVEL_UP
360152,7278919282,NORMAL,8.0,4.0,302598,SKILL_LEVEL_UP
360152,7278919282,NORMAL,1.0,1.0,323407,SKILL_LEVEL_UP
360152,7278919282,NORMAL,2.0,1.0,332525,SKILL_LEVEL_UP
360152,7278919282,NORMAL,3.0,4.0,333527,SKILL_LEVEL_UP
360152,7278919282,NORMAL,7.0,1.0,347961,SKILL_LEVEL_UP
360152,7278919282,NORMAL,6.0,4.0,356779,SKILL_LEVEL_UP
360152,7278919282,NORMAL,5.0,3.0,359350,SKILL_LEVEL_UP
420173,7278919282,NORMAL,9.0,1.0,373556,SKILL_LEVEL_UP
420173,7278919282,NORMAL,10.0,1.0,374090,SKILL_LEVEL_UP
420173,7278919282,NORMAL,4.0,1.0,374191,SKILL_LEVEL_UP
420173,7278919282,NORMAL,1.0,4.0,375126,SKILL_LEVEL_UP
420173,7278919282,NORMAL,8.0,2.0,402191,SKILL_LEVEL_UP
420173,7278919282,NORMAL,3.0,1.0,408908,SKILL_LEVEL_UP
480193,7278919282,NORMAL,2.0,4.0,420574,SKILL_LEVEL_UP
480193,7278919282,NORMAL,6.0,1.0,426887,SKILL_LEVEL_UP
480193,7278919282,NORMAL,5.0,4.0,440536,SKILL_LEVEL_UP
480193,7278919282,NORMAL,4.0,4.0,454580,SKILL_LEVEL_UP
480193,7278919282,NORMAL,7.0,4.0,466583,SKILL_LEVEL_UP
540197,7278919282,NORMAL,8.0,1.0,487748,SKILL_LEVEL_UP
540197,7278919282,NORMAL,9.0,4.0,490724,SKILL_LEVEL_UP
540197,7278919282,NORMAL,1.0,1.0,492628,SKILL_LEVEL_UP
540197,7278919282,NORMAL,3.0,2.0,505027,SKILL_LEVEL_UP
540197,7278919282,NORMAL,2.0,1.0,511014,SKILL_LEVEL_UP
540197,7278919282,NORMAL,6.0,3.0,517828,SKILL_LEVEL_UP
540197,7278919282,NORMAL,10.0,4.0,526486,SKILL_LEVEL_UP
600206,7278919282,NORMAL,7.0,1.0,546476,SKILL_LEVEL_UP
600206,7278919282,NORMAL,5.0,3.0,548079,SKILL_LEVEL_UP
600206,7278919282,NORMAL,8.0,2.0,555160,SKILL_LEVEL_UP
600206,7278919282,NORMAL,1.0,3.0,578751,SKILL_LEVEL_UP
600206,7278919282,NORMAL,4.0,1.0,589641,SKILL_LEVEL_UP
600206,7278919282,NORMAL,6.0,1.0,598602,SKILL_LEVEL_UP
660233,7278919282,NORMAL,2.0,3.0,621617,SKILL_LEVEL_UP
660233,7278919282,NORMAL,9.0,1.0,632743,SKILL_LEVEL_UP
660233,7278919282,NORMAL,7.0,3.0,640076,SKILL_LEVEL_UP
660233,7278919282,NORMAL,3.0,1.0,643883,SKILL_LEVEL_UP
660233,7278919282,NORMAL,5.0,1.0,651439,SKILL_LEVEL_UP
660233,7278919282,NORMAL,4.0,2.0,656382,SKILL_LEVEL_UP
720237,7278919282,NORMAL,1.0,1.0,666612,SKILL_LEVEL_UP
720237,7278919282,EVOLVE,4.0,1.0,669022,SKILL_LEVEL_UP
720237,7278919282,NORMAL,2.0,1.0,679788,SKILL_LEVEL_UP
720237,7278919282,NORMAL,8.0,1.0,703336,SKILL_LEVEL_UP
780267,7278919282,NORMAL,9.0,3.0,742211,SKILL_LEVEL_UP
780267,7278919282,NORMAL,3.0,2.0,742378,SKILL_LEVEL_UP
780267,7278919282,NORMAL,10.0,1.0,747557,SKILL_LEVEL_UP
780267,7278919282,NORMAL,6.0,3.0,770443,SKILL_LEVEL_UP
780267,7278919282,NORMAL,4.0,1.0,779118,SKILL_LEVEL_UP
840293,7278919282,NORMAL,1.0,3.0,794463,SKILL_LEVEL_UP
840293,7278919282,NORMAL,10.0,3.0,806042,SKILL_LEVEL_UP
840293,7278919282,NORMAL,5.0,3.0,817712,SKILL_LEVEL_UP
840293,7278919282,NORMAL,7.0,1.0,830788,SKILL_LEVEL_UP
840293,7278919282,NORMAL,2.0,3.0,839458,SKILL_LEVEL_UP
900317,7278919282,NORMAL,3.0,4.0,882618,SKILL_LEVEL_UP
900317,7278919282,NORMAL,4.0,3.0,887801,SKILL_LEVEL_UP
960319,7278919282,NORMAL,2.0,4.0,913763,SKILL_LEVEL_UP
960319,7278919282,NORMAL,8.0,4.0,914397,SKILL_LEVEL_UP
960319,7278919282,NORMAL,5.0,1.0,917003,SKILL_LEVEL_UP
960319,7278919282,EVOLVE,4.0,3.0,946445,SKILL_LEVEL_UP
1020338,7278919282,NORMAL,1.0,4.0,966418,SKILL_LEVEL_UP
1020338,7278919282,NORMAL,9.0,1.0,972139,SKILL_LEVEL_UP
1020338,7278919282,NORMAL,7.0,3.0,972473,SKILL_LEVEL_UP
1020338,7278919282,NORMAL,6.0,4.0,973342,SKILL_LEVEL_UP
1020338,7278919282,NORMAL,4.0,4.0,1019258,SKILL_LEVEL_UP
1080343,7278919282,NORMAL,3.0,2.0,1024848,SKILL_LEVEL_UP
1080343,7278919282,NORMAL,2.0,3.0,1045666,SKILL_LEVEL_UP
1080343,7278919282,NORMAL,5.0,4.0,1062491,SKILL_LEVEL_UP
1080343,7278919282,NORMAL,10.0,1.0,1067401,SKILL_LEVEL_UP
1140362,7278919282,EVOLVE,4.0,2.0,1099533,SKILL_LEVEL_UP
1140362,7278919282,NORMAL,8.0,1.0,1104362,SKILL_LEVEL_UP
1140362,7278919282,NORMAL,7.0,4.0,1109814,SKILL_LEVEL_UP
1140362,7278919282,NORMAL,9.0,3.0,1110616,SKILL_LEVEL_UP
1140362,7278919282,NORMAL,4.0,2.0,1126618,SKILL_LEVEL_UP
1200378,7278919282,NORMAL,6.0,3.0,1151297,SKILL_LEVEL_UP
1200378,7278919282,NORMAL,3.0,2.0,1174284,SKILL_LEVEL_UP
1200378,7278919282,NORMAL,2.0,3.0,1189029,SKILL_LEVEL_UP
1200378,7278919282,NORMAL,5.0,1.0,1193797,SKILL_LEVEL_UP
1260396,7278919282,NORMAL,1.0,3.0,1227388,SKILL_LEVEL_UP
1260396,7278919282,NORMAL,10.0,3.0,1248648,SKILL_LEVEL_UP
1260396,7278919282,NORMAL,4.0,2.0,1250001,SKILL_LEVEL_UP
1260396,7278919282,NORMAL,7.0,3.0,1256498,SKILL_LEVEL_UP
1320398,7278919282,NORMAL,9.0,4.0,1270888,SKILL_LEVEL_UP
1320398,7278919282,NORMAL,6.0,3.0,1291963,SKILL_LEVEL_UP
1320398,7278919282,NORMAL,5.0,1.0,1292531,SKILL_LEVEL_UP
1320398,7278919282,NORMAL,5.0,2.0,1294802,SKILL_LEVEL_UP
1320398,7278919282,NORMAL,3.0,3.0,1302151,SKILL_LEVEL_UP
1380430,7278919282,NORMAL,2.0,2.0,1336367,SKILL_LEVEL_UP
1380430,7278919282,NORMAL,8.0,1.0,1346126,SKILL_LEVEL_UP
1380430,7278919282,NORMAL,9.0,3.0,1352252,SKILL_LEVEL_UP
1380430,7278919282,NORMAL,10.0,4.0,1362606,SKILL_LEVEL_UP
1440457,7278919282,NORMAL,4.0,2.0,1380597,SKILL_LEVEL_UP
1440457,7278919282,NORMAL,2.0,2.0,1384839,SKILL_LEVEL_UP
1440457,7278919282,NORMAL,8.0,3.0,1427446,SKILL_LEVEL_UP
1440457,7278919282,NORMAL,5.0,2.0,1427814,SKILL_LEVEL_UP
1440457,7278919282,NORMAL,4.0,3.0,1436332,SKILL_LEVEL_UP
1500457,7278919282,NORMAL,7.0,3.0,1441058,SKILL_LEVEL_UP
1500457,7278919282,NORMAL,6.0,2.0,1470137,SKILL_LEVEL_UP
1500457,7278919282,NORMAL,9.0,3.0,1482064,SKILL_LEVEL_UP
1500457,7278919282,NORMAL,3.0,3.0,1493539,SKILL_LEVEL_UP
1500457,7278919282,NORMAL,2.0,4.0,1497162,SKILL_LEVEL_UP
1560484,7278919282,NORMAL,1.0,3.0,1534721,SKILL_LEVEL_UP
60006,7278793285,NORMAL,10.0,1.0,14046,SKILL_LEVEL_UP
60006,7278793285,NORMAL,3.0,1.0,31582,SKILL_LEVEL_UP
60006,7278793285,NORMAL,4.0,1.0,41936,SKILL_LEVEL_UP
60006,7278793285,NORMAL,6.0,1.0,58202,SKILL_LEVEL_UP
120032,7278793285,NORMAL,7.0,3.0,84393,SKILL_LEVEL_UP
120032,7278793285,NORMAL,1.0,1.0,84460,SKILL_LEVEL_UP
120032,7278793285,NORMAL,9.0,1.0,86665,SKILL_LEVEL_UP
120032,7278793285,NORMAL,2.0,2.0,88001,SKILL_LEVEL_UP
120032,7278793285,NORMAL,8.0,1.0,91608,SKILL_LEVEL_UP
120032,7278793285,NORMAL,5.0,2.0,101862,SKILL_LEVEL_UP
120032,7278793285,NORMAL,7.0,1.0,112016,SKILL_LEVEL_UP
120032,7278793285,NORMAL,3.0,3.0,114788,SKILL_LEVEL_UP
180081,7278793285,NORMAL,2.0,1.0,127513,SKILL_LEVEL_UP
180081,7278793285,NORMAL,8.0,2.0,128248,SKILL_LEVEL_UP
180081,7278793285,NORMAL,5.0,1.0,129751,SKILL_LEVEL_UP
180081,7278793285,NORMAL,1.0,2.0,140238,SKILL_LEVEL_UP
180081,7278793285,NORMAL,4.0,3.0,140272,SKILL_LEVEL_UP
180081,7278793285,NORMAL,7.0,2.0,153498,SKILL_LEVEL_UP
180081,7278793285,NORMAL,6.0,2.0,155235,SKILL_LEVEL_UP
180081,7278793285,NORMAL,9.0,3.0,160913,SKILL_LEVEL_UP
180081,7278793285,NORMAL,5.0,3.0,161782,SKILL_LEVEL_UP
180081,7278793285,NORMAL,8.0,1.0,162249,SKILL_LEVEL_UP
180081,7278793285,NORMAL,2.0,2.0,169931,SKILL_LEVEL_UP
180081,7278793285,NORMAL,3.0,2.0,176912,SKILL_LEVEL_UP
240108,7278793285,NORMAL,6.0,3.0,189834,SKILL_LEVEL_UP
240108,7278793285,NORMAL,8.0,3.0,193043,SKILL_LEVEL_UP
240108,7278793285,NORMAL,10.0,2.0,197418,SKILL_LEVEL_UP
240108,7278793285,NORMAL,7.0,1.0,204833,SKILL_LEVEL_UP
240108,7278793285,NORMAL,4.0,1.0,206236,SKILL_LEVEL_UP
240108,7278793285,NORMAL,6.0,1.0,208508,SKILL_LEVEL_UP
240108,7278793285,NORMAL,9.0,2.0,223607,SKILL_LEVEL_UP
240108,7278793285,NORMAL,1.0,3.0,225411,SKILL_LEVEL_UP
240108,7278793285,NORMAL,2.0,3.0,235599,SKILL_LEVEL_UP
300128,7278793285,NORMAL,5.0,1.0,245452,SKILL_LEVEL_UP
300128,7278793285,NORMAL,6.0,1.0,256774,SKILL_LEVEL_UP
300128,7278793285,NORMAL,4.0,2.0,257709,SKILL_LEVEL_UP
300128,7278793285,NORMAL,8.0,1.0,258009,SKILL_LEVEL_UP
300128,7278793285,NORMAL,9.0,1.0,266360,SKILL_LEVEL_UP
300128,7278793285,NORMAL,3.0,1.0,269967,SKILL_LEVEL_UP
300128,7278793285,NORMAL,2.0,2.0,285202,SKILL_LEVEL_UP
300128,7278793285,NORMAL,10.0,3.0,291481,SKILL_LEVEL_UP
360154,7278793285,NORMAL,5.0,1.0,300395,SKILL_LEVEL_UP
360154,7278793285,NORMAL,1.0,1.0,305472,SKILL_LEVEL_UP
360154,7278793285,NORMAL,7.0,1.0,315392,SKILL_LEVEL_UP
360154,7278793285,NORMAL,4.0,1.0,320335,SKILL_LEVEL_UP
360154,7278793285,NORMAL,8.0,4.0,323341,SKILL_LEVEL_UP
360154,7278793285,NORMAL,6.0,4.0,344522,SKILL_LEVEL_UP
360154,7278793285,NORMAL,3.0,1.0,347495,SKILL_LEVEL_UP
360154,7278793285,NORMAL,2.0,4.0,351904,SKILL_LEVEL_UP
420157,7278793285,NORMAL,9.0,1.0,369038,SKILL_LEVEL_UP
420157,7278793285,NORMAL,6.0,1.0,390458,SKILL_LEVEL_UP
420157,7278793285,NORMAL,8.0,1.0,393531,SKILL_LEVEL_UP
420157,7278793285,NORMAL,4.0,4.0,397639,SKILL_LEVEL_UP
420157,7278793285,NORMAL,7.0,4.0,398107,SKILL_LEVEL_UP
420157,7278793285,NORMAL,10.0,1.0,408864,SKILL_LEVEL_UP
420157,7278793285,NORMAL,5.0,4.0,415311,SKILL_LEVEL_UP
480164,7278793285,NORMAL,1.0,1.0,428507,SKILL_LEVEL_UP
480164,7278793285,NORMAL,9.0,4.0,435922,SKILL_LEVEL_UP
480164,7278793285,NORMAL,3.0,4.0,447384,SKILL_LEVEL_UP
480164,7278793285,NORMAL,2.0,2.0,468503,SKILL_LEVEL_UP
540187,7278793285,NORMAL,4.0,1.0,481742,SKILL_LEVEL_UP
540187,7278793285,NORMAL,6.0,2.0,481943,SKILL_LEVEL_UP
540187,7278793285,NORMAL,8.0,2.0,488189,SKILL_LEVEL_UP
540187,7278793285,NORMAL,5.0,1.0,496052,SKILL_LEVEL_UP
540187,7278793285,NORMAL,1.0,4.0,497889,SKILL_LEVEL_UP
540187,7278793285,NORMAL,3.0,1.0,513855,SKILL_LEVEL_UP
540187,7278793285,NORMAL,7.0,1.0,536576,SKILL_LEVEL_UP
600220,7278793285,NORMAL,10.0,1.0,544462,SKILL_LEVEL_UP
600220,7278793285,NORMAL,9.0,1.0,563844,SKILL_LEVEL_UP
600220,7278793285,NORMAL,7.0,3.0,596178,SKILL_LEVEL_UP
600220,7278793285,NORMAL,4.0,3.0,596412,SKILL_LEVEL_UP
600220,7278793285,NORMAL,8.0,1.0,597381,SKILL_LEVEL_UP
600220,7278793285,NORMAL,5.0,2.0,598650,SKILL_LEVEL_UP
660236,7278793285,NORMAL,6.0,1.0,615318,SKILL_LEVEL_UP
660236,7278793285,NORMAL,3.0,3.0,615485,SKILL_LEVEL_UP
660236,7278793285,NORMAL,2.0,1.0,620695,SKILL_LEVEL_UP
720247,7278793285,NORMAL,10.0,4.0,670629,SKILL_LEVEL_UP
720247,7278793285,NORMAL,5.0,1.0,686167,SKILL_LEVEL_UP
720247,7278793285,NORMAL,1.0,1.0,686535,SKILL_LEVEL_UP
720247,7278793285,NORMAL,7.0,1.0,699661,SKILL_LEVEL_UP
720247,7278793285,NORMAL,7.0,3.0,702500,SKILL_LEVEL_UP
780266,7278793285,NORMAL,3.0,1.0,729511,SKILL_LEVEL_UP
780266,7278793285,NORMAL,8.0,2.0,730713,SKILL_LEVEL_UP
780266,7278793285,NORMAL,4.0,1.0,736327,SKILL_LEVEL_UP
780266,7278793285,NORMAL,2.0,2.0,758931,SKILL_LEVEL_UP
780266,7278793285,NORMAL,7.0,3.0,766750,SKILL_LEVEL_UP
780266,7278793285,NORMAL,10.0,1.0,768286,SKILL_LEVEL_UP
780266,7278793285,NORMAL,9.0,3.0,772303,SKILL_LEVEL_UP
840286,7278793285,NORMAL,5.0,2.0,781201,SKILL_LEVEL_UP
840286,7278793285,NORMAL,6.0,2.0,812387,SKILL_LEVEL_UP
840286,7278793285,NORMAL,4.0,3.0,814398,SKILL_LEVEL_UP
840286,7278793285,NORMAL,7.0,4.0,825086,SKILL_LEVEL_UP
900302,7278793285,NORMAL,1.0,2.0,848679,SKILL_LEVEL_UP
900302,7278793285,NORMAL,8.0,4.0,872073,SKILL_LEVEL_UP
900302,7278793285,NORMAL,2.0,1.0,886301,SKILL_LEVEL_UP
900302,7278793285,NORMAL,3.0,3.0,886569,SKILL_LEVEL_UP
900302,7278793285,NORMAL,5.0,4.0,892849,SKILL_LEVEL_UP
960303,7278793285,NORMAL,10.0,2.0,912242,SKILL_LEVEL_UP
960303,7278793285,NORMAL,7.0,3.0,924534,SKILL_LEVEL_UP
960303,7278793285,NORMAL,4.0,4.0,934153,SKILL_LEVEL_UP
960303,7278793285,NORMAL,9.0,1.0,949998,SKILL_LEVEL_UP
1020310,7278793285,NORMAL,3.0,4.0,962908,SKILL_LEVEL_UP
1020310,7278793285,NORMAL,8.0,2.0,991231,SKILL_LEVEL_UP
1020310,7278793285,NORMAL,6.0,4.0,998482,SKILL_LEVEL_UP
1020310,7278793285,NORMAL,1.0,1.0,1007404,SKILL_LEVEL_UP
1020310,7278793285,NORMAL,7.0,2.0,1018498,SKILL_LEVEL_UP
1080313,7278793285,NORMAL,9.0,3.0,1058709,SKILL_LEVEL_UP
1080313,7278793285,NORMAL,8.0,2.0,1071384,SKILL_LEVEL_UP
1140329,7278793285,NORMAL,5.0,2.0,1087711,SKILL_LEVEL_UP
1140329,7278793285,NORMAL,6.0,2.0,1097808,SKILL_LEVEL_UP
1140329,7278793285,NORMAL,2.0,4.0,1111133,SKILL_LEVEL_UP
1140329,7278793285,NORMAL,4.0,3.0,1111467,SKILL_LEVEL_UP
1140329,7278793285,NORMAL,10.0,1.0,1116047,SKILL_LEVEL_UP
1140329,7278793285,NORMAL,3.0,3.0,1128747,SKILL_LEVEL_UP
1200350,7278793285,NORMAL,1.0,2.0,1143502,SKILL_LEVEL_UP
1200350,7278793285,NORMAL,5.0,2.0,1144705,SKILL_LEVEL_UP
1200350,7278793285,NORMAL,9.0,4.0,1163467,SKILL_LEVEL_UP
1200350,7278793285,NORMAL,7.0,2.0,1187392,SKILL_LEVEL_UP
1260353,7278793285,NORMAL,6.0,2.0,1218156,SKILL_LEVEL_UP
1260353,7278793285,NORMAL,10.0,2.0,1230313,SKILL_LEVEL_UP
1260353,7278793285,NORMAL,8.0,3.0,1236369,SKILL_LEVEL_UP
1320362,7278793285,NORMAL,1.0,4.0,1262825,SKILL_LEVEL_UP
1320362,7278793285,NORMAL,2.0,1.0,1264561,SKILL_LEVEL_UP
1320362,7278793285,NORMAL,7.0,2.0,1273318,SKILL_LEVEL_UP
1320362,7278793285,NORMAL,4.0,3.0,1300664,SKILL_LEVEL_UP
1320362,7278793285,NORMAL,3.0,3.0,1309162,SKILL_LEVEL_UP
1380371,7278793285,NORMAL,10.0,4.0,1337321,SKILL_LEVEL_UP
1380371,7278793285,NORMAL,9.0,3.0,1352217,SKILL_LEVEL_UP
1380371,7278793285,NORMAL,6.0,3.0,1365446,SKILL_LEVEL_UP
1440399,7278793285,NORMAL,2.0,1.0,1400227,SKILL_LEVEL_UP
1440399,7278793285,NORMAL,1.0,2.0,1418847,SKILL_LEVEL_UP
1500414,7278793285,NORMAL,8.0,3.0,1470741,SKILL_LEVEL_UP
1500414,7278793285,NORMAL,3.0,2.0,1478832,SKILL_LEVEL_UP
1500414,7278793285,NORMAL,4.0,2.0,1479867,SKILL_LEVEL_UP
1500414,7278793285,NORMAL,7.0,4.0,1486590,SKILL_LEVEL_UP
1500414,7278793285,NORMAL,9.0,3.0,1486857,SKILL_LEVEL_UP
1560435,7278793285,NORMAL,5.0,3.0,1520498,SKILL_LEVEL_UP
1560435,7278793285,NORMAL,2.0,3.0,1554891,SKILL_LEVEL_UP
1620461,7278793285,NORMAL,10.0,2.0,1565968,SKILL_LEVEL_UP
1620461,7278793285,NORMAL,1.0,2.0,1569034,SKILL_LEVEL_UP
1620461,7278793285,NORMAL,9.0,2.0,1618774,SKILL_LEVEL_UP
1680489,7278793285,NORMAL,3.0,2.0,1629022,SKILL_LEVEL_UP
1680489,7278793285,NORMAL,7.0,2.0,1638908,SKILL_LEVEL_UP
1680489,7278793285,NORMAL,8.0,4.0,1670262,SKILL_LEVEL_UP
1740505,7278793285,NORMAL,6.0,3.0,1682393,SKILL_LEVEL_UP
1740505,7278793285,NORMAL,4.0,2.0,1713735,SKILL_LEVEL_UP
1740505,7278793285,NORMAL,2.0,3.0,1716445,SKILL_LEVEL_UP
1800513,7278793285,NORMAL,8.0,3.0,1748588,SKILL_LEVEL_UP
1800513,7278793285,NORMAL,5.0,3.0,1751327,SKILL_LEVEL_UP
1860530,7278793285,NORMAL,1.0,3.0,1814486,SKILL_LEVEL_UP
1860530,7278793285,NORMAL,9.0,2.0,1830328,SKILL_LEVEL_UP
1860530,7278793285,NORMAL,6.0,4.0,1832599,SKILL_LEVEL_UP
1860530,7278793285,NORMAL,10.0,2.0,1835638,SKILL_LEVEL_UP
1920549,7278793285,NORMAL,3.0,4.0,1872196,SKILL_LEVEL_UP
1920549,7278793285,NORMAL,4.0,4.0,1873867,SKILL_LEVEL_UP
1920549,7278793285,NORMAL,8.0,3.0,1875003,SKILL_LEVEL_UP
1920549,7278793285,NORMAL,10.0,3.0,1894893,SKILL_LEVEL_UP
1980558,7278793285,NORMAL,6.0,3.0,1951332,SKILL_LEVEL_UP
2040564,7278793285,NORMAL,5.0,4.0,2026869,SKILL_LEVEL_UP
2040564,7278793285,NORMAL,6.0,3.0,2028639,SKILL_LEVEL_UP
2040564,7278793285,NORMAL,9.0,4.0,2031178,SKILL_LEVEL_UP
2100574,7278793285,NORMAL,1.0,3.0,2045841,SKILL_LEVEL_UP
2100574,7278793285,NORMAL,2.0,4.0,2051498,SKILL_LEVEL_UP
2100574,7278793285,NORMAL,4.0,2.0,2053615,SKILL_LEVEL_UP
2100574,7278793285,NORMAL,3.0,2.0,2095812,SKILL_LEVEL_UP
2160580,7278793285,NORMAL,2.0,3.0,2152211,SKILL_LEVEL_UP
2160580,7278793285,NORMAL,1.0,4.0,2155092,SKILL_LEVEL_UP
2160580,7278793285,NORMAL,10.0,3.0,2155826,SKILL_LEVEL_UP
2220611,7278793285,NORMAL,5.0,3.0,2162819,SKILL_LEVEL_UP
2220611,7278793285,NORMAL,3.0,2.0,2209065,SKILL_LEVEL_UP
2220611,7278793285,NORMAL,4.0,2.0,2209298,SKILL_LEVEL_UP
2280637,7278793285,NORMAL,5.0,3.0,2259522,SKILL_LEVEL_UP
2280637,7278793285,NORMAL,9.0,2.0,2276696,SKILL_LEVEL_UP
2340653,7278793285,NORMAL,1.0,3.0,2340129,SKILL_LEVEL_UP
2460692,7278793285,NORMAL,2.0,3.0,2402787,SKILL_LEVEL_UP
2460692,7278793285,NORMAL,9.0,2.0,2434611,SKILL_LEVEL_UP
60006,7278666530,NORMAL,3.0,2.0,7727,SKILL_LEVEL_UP
60006,7278666530,NORMAL,7.0,3.0,13340,SKILL_LEVEL_UP
60006,7278666530,NORMAL,5.0,3.0,18049,SKILL_LEVEL_UP
60006,7278666530,NORMAL,4.0,2.0,30911,SKILL_LEVEL_UP
60006,7278666530,NORMAL,9.0,1.0,33182,SKILL_LEVEL_UP
60006,7278666530,NORMAL,10.0,1.0,36924,SKILL_LEVEL_UP
60006,7278666530,NORMAL,2.0,3.0,37625,SKILL_LEVEL_UP
60006,7278666530,NORMAL,6.0,3.0,38895,SKILL_LEVEL_UP
60006,7278666530,NORMAL,1.0,1.0,39295,SKILL_LEVEL_UP
120028,7278666530,NORMAL,8.0,3.0,95093,SKILL_LEVEL_UP
120028,7278666530,NORMAL,7.0,1.0,102211,SKILL_LEVEL_UP
120028,7278666530,NORMAL,3.0,3.0,106086,SKILL_LEVEL_UP
180101,7278666530,NORMAL,8.0,1.0,129414,SKILL_LEVEL_UP
180101,7278666530,NORMAL,6.0,1.0,130917,SKILL_LEVEL_UP
180101,7278666530,NORMAL,1.0,3.0,131218,SKILL_LEVEL_UP
180101,7278666530,NORMAL,5.0,2.0,132754,SKILL_LEVEL_UP
180101,7278666530,NORMAL,10.0,3.0,133990,SKILL_LEVEL_UP
180101,7278666530,NORMAL,9.0,2.0,135393,SKILL_LEVEL_UP
180101,7278666530,NORMAL,4.0,1.0,135527,SKILL_LEVEL_UP
180101,7278666530,NORMAL,2.0,1.0,154034,SKILL_LEVEL_UP
180101,7278666530,NORMAL,1.0,2.0,163428,SKILL_LEVEL_UP
180101,7278666530,NORMAL,8.0,2.0,163762,SKILL_LEVEL_UP
180101,7278666530,NORMAL,6.0,1.0,166401,SKILL_LEVEL_UP
180101,7278666530,NORMAL,4.0,3.0,171889,SKILL_LEVEL_UP
240109,7278666530,NORMAL,7.0,1.0,180335,SKILL_LEVEL_UP
240109,7278666530,NORMAL,3.0,1.0,187617,SKILL_LEVEL_UP
240109,7278666530,NORMAL,2.0,2.0,194871,SKILL_LEVEL_UP
240109,7278666530,NORMAL,8.0,2.0,206100,SKILL_LEVEL_UP
240109,7278666530,NORMAL,6.0,2.0,216913,SKILL_LEVEL_UP
240109,7278666530,NORMAL,5.0,1.0,225203,SKILL_LEVEL_UP
240109,7278666530,NORMAL,10.0,2.0,231583,SKILL_LEVEL_UP
240109,7278666530,NORMAL,7.0,2.0,235633,SKILL_LEVEL_UP
240109,7278666530,NORMAL,9.0,3.0,237771,SKILL_LEVEL_UP
240109,7278666530,NORMAL,8.0,1.0,238139,SKILL_LEVEL_UP
300136,7278666530,NORMAL,1.0,1.0,242548,SKILL_LEVEL_UP
300136,7278666530,NORMAL,2.0,1.0,247459,SKILL_LEVEL_UP
300136,7278666530,NORMAL,6.0,1.0,262468,SKILL_LEVEL_UP
300136,7278666530,NORMAL,4.0,2.0,280478,SKILL_LEVEL_UP
300136,7278666530,NORMAL,3.0,1.0,282050,SKILL_LEVEL_UP
300136,7278666530,NORMAL,5.0,2.0,285190,SKILL_LEVEL_UP
300136,7278666530,NORMAL,9.0,1.0,299392,SKILL_LEVEL_UP
360149,7278666530,NORMAL,3.0,1.0,313409,SKILL_LEVEL_UP
360149,7278666530,NORMAL,8.0,4.0,316349,SKILL_LEVEL_UP
360149,7278666530,NORMAL,10.0,1.0,318940,SKILL_LEVEL_UP
360149,7278666530,NORMAL,1.0,1.0,338417,SKILL_LEVEL_UP
360149,7278666530,NORMAL,6.0,4.0,349941,SKILL_LEVEL_UP
360149,7278666530,NORMAL,7.0,1.0,354902,SKILL_LEVEL_UP
360149,7278666530,NORMAL,2.0,1.0,356809,SKILL_LEVEL_UP
420153,7278666530,NORMAL,5.0,2.0,367015,SKILL_LEVEL_UP
420153,7278666530,NORMAL,3.0,4.0,378574,SKILL_LEVEL_UP
420153,7278666530,NORMAL,9.0,1.0,390065,SKILL_LEVEL_UP
420153,7278666530,NORMAL,8.0,2.0,402437,SKILL_LEVEL_UP
420153,7278666530,NORMAL,4.0,2.0,407481,SKILL_LEVEL_UP
420153,7278666530,NORMAL,1.0,4.0,413834,SKILL_LEVEL_UP
480163,7278666530,NORMAL,6.0,1.0,424028,SKILL_LEVEL_UP
480163,7278666530,NORMAL,10.0,1.0,432412,SKILL_LEVEL_UP
480163,7278666530,NORMAL,3.0,1.0,454698,SKILL_LEVEL_UP
480163,7278666530,NORMAL,9.0,4.0,456134,SKILL_LEVEL_UP
480163,7278666530,NORMAL,7.0,4.0,472271,SKILL_LEVEL_UP
480163,7278666530,NORMAL,1.0,1.0,472271,SKILL_LEVEL_UP
540195,7278666530,NORMAL,2.0,4.0,512401,SKILL_LEVEL_UP
540195,7278666530,NORMAL,4.0,4.0,517902,SKILL_LEVEL_UP
540195,7278666530,NORMAL,6.0,3.0,523213,SKILL_LEVEL_UP
540195,7278666530,NORMAL,3.0,3.0,525551,SKILL_LEVEL_UP
540195,7278666530,NORMAL,8.0,2.0,537086,SKILL_LEVEL_UP
600225,7278666530,NORMAL,10.0,4.0,551457,SKILL_LEVEL_UP
600225,7278666530,NORMAL,9.0,1.0,557503,SKILL_LEVEL_UP
600225,7278666530,NORMAL,1.0,2.0,592632,SKILL_LEVEL_UP
600225,7278666530,NORMAL,5.0,4.0,599958,SKILL_LEVEL_UP
660242,7278666530,NORMAL,7.0,1.0,614764,SKILL_LEVEL_UP
660242,7278666530,NORMAL,2.0,1.0,614998,SKILL_LEVEL_UP
660242,7278666530,NORMAL,4.0,2.0,635736,SKILL_LEVEL_UP
660242,7278666530,NORMAL,3.0,1.0,642092,SKILL_LEVEL_UP
660242,7278666530,NORMAL,8.0,2.0,642994,SKILL_LEVEL_UP
660242,7278666530,NORMAL,10.0,1.0,651014,SKILL_LEVEL_UP
660242,7278666530,NORMAL,2.0,3.0,655056,SKILL_LEVEL_UP
660242,7278666530,NORMAL,6.0,1.0,659979,SKILL_LEVEL_UP
720265,7278666530,NORMAL,7.0,3.0,664284,SKILL_LEVEL_UP
720265,7278666530,NORMAL,9.0,2.0,665820,SKILL_LEVEL_UP
720265,7278666530,NORMAL,1.0,1.0,667156,SKILL_LEVEL_UP
780272,7278666530,NORMAL,1.0,2.0,721567,SKILL_LEVEL_UP
780272,7278666530,NORMAL,5.0,2.0,732997,SKILL_LEVEL_UP
780272,7278666530,NORMAL,3.0,3.0,734567,SKILL_LEVEL_UP
780272,7278666530,NORMAL,4.0,1.0,758218,SKILL_LEVEL_UP
840285,7278666530,NORMAL,8.0,1.0,806906,SKILL_LEVEL_UP
840285,7278666530,NORMAL,3.0,4.0,810246,SKILL_LEVEL_UP
840285,7278666530,NORMAL,2.0,1.0,817764,SKILL_LEVEL_UP
840285,7278666530,NORMAL,9.0,1.0,828406,SKILL_LEVEL_UP
900296,7278666530,NORMAL,7.0,1.0,841120,SKILL_LEVEL_UP
900296,7278666530,NORMAL,1.0,4.0,847095,SKILL_LEVEL_UP
900296,7278666530,NORMAL,10.0,2.0,847596,SKILL_LEVEL_UP
900296,7278666530,NORMAL,4.0,2.0,893242,SKILL_LEVEL_UP
900296,7278666530,NORMAL,5.0,3.0,893810,SKILL_LEVEL_UP
960321,7278666530,NORMAL,6.0,3.0,907343,SKILL_LEVEL_UP
960321,7278666530,NORMAL,8.0,4.0,929257,SKILL_LEVEL_UP
960321,7278666530,NORMAL,9.0,2.0,930025,SKILL_LEVEL_UP
960321,7278666530,NORMAL,7.0,3.0,936409,SKILL_LEVEL_UP
960321,7278666530,NORMAL,2.0,3.0,959720,SKILL_LEVEL_UP
1020343,7278666530,NORMAL,3.0,3.0,987914,SKILL_LEVEL_UP
1020343,7278666530,NORMAL,1.0,2.0,988415,SKILL_LEVEL_UP
1020343,7278666530,NORMAL,4.0,1.0,1002950,SKILL_LEVEL_UP
1020343,7278666530,NORMAL,5.0,2.0,1006046,SKILL_LEVEL_UP
1080356,7278666530,NORMAL,2.0,4.0,1045061,SKILL_LEVEL_UP
1080356,7278666530,NORMAL,6.0,4.0,1059923,SKILL_LEVEL_UP
1140357,7278666530,NORMAL,1.0,2.0,1081859,SKILL_LEVEL_UP
1140357,7278666530,NORMAL,8.0,3.0,1086943,SKILL_LEVEL_UP
1140357,7278666530,NORMAL,7.0,4.0,1095870,SKILL_LEVEL_UP
1140357,7278666530,NORMAL,10.0,1.0,1097907,SKILL_LEVEL_UP
1140357,7278666530,NORMAL,9.0,4.0,1111621,SKILL_LEVEL_UP
1140357,7278666530,NORMAL,5.0,3.0,1117207,SKILL_LEVEL_UP
1140357,7278666530,NORMAL,3.0,3.0,1122785,SKILL_LEVEL_UP
1140357,7278666530,NORMAL,6.0,3.0,1126882,SKILL_LEVEL_UP
1200371,7278666530,NORMAL,2.0,3.0,1162333,SKILL_LEVEL_UP
1200371,7278666530,NORMAL,7.0,3.0,1195226,SKILL_LEVEL_UP
1200371,7278666530,NORMAL,10.0,2.0,1197899,SKILL_LEVEL_UP
1260379,7278666530,NORMAL,3.0,2.0,1222865,SKILL_LEVEL_UP
1260379,7278666530,NORMAL,9.0,2.0,1258292,SKILL_LEVEL_UP
1320412,7278666530,NORMAL,4.0,4.0,1263824,SKILL_LEVEL_UP
1320412,7278666530,NORMAL,1.0,3.0,1298831,SKILL_LEVEL_UP
1320412,7278666530,NORMAL,2.0,3.0,1298931,SKILL_LEVEL_UP
1320412,7278666530,NORMAL,5.0,4.0,1299065,SKILL_LEVEL_UP
1320412,7278666530,NORMAL,3.0,2.0,1309221,SKILL_LEVEL_UP
1320412,7278666530,NORMAL,4.0,1.0,1317506,SKILL_LEVEL_UP
1380440,7278666530,NORMAL,6.0,3.0,1336708,SKILL_LEVEL_UP
1380440,7278666530,NORMAL,8.0,3.0,1339179,SKILL_LEVEL_UP
1440441,7278666530,NORMAL,5.0,3.0,1380740,SKILL_LEVEL_UP
1440441,7278666530,NORMAL,10.0,4.0,1396025,SKILL_LEVEL_UP
1440441,7278666530,NORMAL,2.0,2.0,1411611,SKILL_LEVEL_UP
1440441,7278666530,NORMAL,9.0,2.0,1412781,SKILL_LEVEL_UP
1440441,7278666530,NORMAL,7.0,3.0,1431452,SKILL_LEVEL_UP
1500457,7278666530,NORMAL,3.0,4.0,1478722,SKILL_LEVEL_UP
1500457,7278666530,NORMAL,4.0,1.0,1481525,SKILL_LEVEL_UP
1500457,7278666530,NORMAL,5.0,3.0,1482928,SKILL_LEVEL_UP
1560472,7278666530,NORMAL,8.0,3.0,1504866,SKILL_LEVEL_UP
1560472,7278666530,NORMAL,7.0,2.0,1531502,SKILL_LEVEL_UP
1560472,7278666530,NORMAL,1.0,3.0,1546925,SKILL_LEVEL_UP
1560472,7278666530,NORMAL,2.0,2.0,1548196,SKILL_LEVEL_UP
1620485,7278666530,NORMAL,10.0,2.0,1568607,SKILL_LEVEL_UP
1620485,7278666530,NORMAL,9.0,3.0,1577098,SKILL_LEVEL_UP
1620485,7278666530,NORMAL,8.0,3.0,1588059,SKILL_LEVEL_UP
1620485,7278666530,NORMAL,6.0,2.0,1597103,SKILL_LEVEL_UP
1680506,7278666530,NORMAL,7.0,2.0,1653925,SKILL_LEVEL_UP
1740526,7278666530,NORMAL,3.0,2.0,1685584,SKILL_LEVEL_UP
1740526,7278666530,NORMAL,5.0,1.0,1686152,SKILL_LEVEL_UP
1740526,7278666530,NORMAL,2.0,4.0,1721432,SKILL_LEVEL_UP
1740526,7278666530,NORMAL,4.0,3.0,1732014,SKILL_LEVEL_UP
1740526,7278666530,NORMAL,1.0,4.0,1739242,SKILL_LEVEL_UP
1800530,7278666530,NORMAL,6.0,2.0,1743366,SKILL_LEVEL_UP
1800530,7278666530,NORMAL,9.0,3.0,1749749,SKILL_LEVEL_UP
1800530,7278666530,NORMAL,7.0,4.0,1776009,SKILL_LEVEL_UP
1800530,7278666530,NORMAL,8.0,4.0,1777413,SKILL_LEVEL_UP
1800530,7278666530,NORMAL,10.0,2.0,1777934,SKILL_LEVEL_UP
60005,7278612852,NORMAL,6.0,1.0,15624,SKILL_LEVEL_UP
60005,7278612852,NORMAL,1.0,3.0,23672,SKILL_LEVEL_UP
60005,7278612852,NORMAL,3.0,2.0,33022,SKILL_LEVEL_UP
120038,7278612852,NORMAL,5.0,3.0,68445,SKILL_LEVEL_UP
120038,7278612852,NORMAL,4.0,1.0,72752,SKILL_LEVEL_UP
120038,7278612852,NORMAL,10.0,1.0,75290,SKILL_LEVEL_UP
120038,7278612852,NORMAL,9.0,2.0,80199,SKILL_LEVEL_UP
120038,7278612852,NORMAL,7.0,3.0,86811,SKILL_LEVEL_UP
120038,7278612852,NORMAL,2.0,1.0,88949,SKILL_LEVEL_UP
120038,7278612852,NORMAL,8.0,1.0,90819,SKILL_LEVEL_UP
120038,7278612852,NORMAL,7.0,1.0,107916,SKILL_LEVEL_UP
120038,7278612852,NORMAL,2.0,2.0,115731,SKILL_LEVEL_UP
180079,7278612852,NORMAL,8.0,2.0,128521,SKILL_LEVEL_UP
180079,7278612852,NORMAL,5.0,1.0,131392,SKILL_LEVEL_UP
180079,7278612852,NORMAL,4.0,3.0,132094,SKILL_LEVEL_UP
180079,7278612852,NORMAL,3.0,1.0,132294,SKILL_LEVEL_UP
180079,7278612852,NORMAL,9.0,1.0,132328,SKILL_LEVEL_UP
180079,7278612852,NORMAL,1.0,1.0,133062,SKILL_LEVEL_UP
180079,7278612852,NORMAL,10.0,2.0,133196,SKILL_LEVEL_UP
180079,7278612852,NORMAL,6.0,3.0,134866,SKILL_LEVEL_UP
180079,7278612852,NORMAL,7.0,2.0,148991,SKILL_LEVEL_UP
180079,7278612852,NORMAL,3.0,2.0,161214,SKILL_LEVEL_UP
180079,7278612852,NORMAL,8.0,3.0,163184,SKILL_LEVEL_UP
180079,7278612852,NORMAL,6.0,2.0,164152,SKILL_LEVEL_UP
180079,7278612852,NORMAL,2.0,1.0,165889,SKILL_LEVEL_UP
180079,7278612852,NORMAL,1.0,1.0,170364,SKILL_LEVEL_UP
240090,7278612852,NORMAL,10.0,1.0,190632,SKILL_LEVEL_UP
240090,7278612852,NORMAL,9.0,3.0,191333,SKILL_LEVEL_UP
240090,7278612852,NORMAL,6.0,1.0,199615,SKILL_LEVEL_UP
240090,7278612852,NORMAL,3.0,3.0,200550,SKILL_LEVEL_UP
240090,7278612852,NORMAL,5.0,2.0,201819,SKILL_LEVEL_UP
240090,7278612852,NORMAL,4.0,2.0,204825,SKILL_LEVEL_UP
240090,7278612852,NORMAL,8.0,1.0,207897,SKILL_LEVEL_UP
240090,7278612852,NORMAL,7.0,1.0,212773,SKILL_LEVEL_UP
240090,7278612852,NORMAL,1.0,2.0,217715,SKILL_LEVEL_UP
240090,7278612852,NORMAL,2.0,3.0,230839,SKILL_LEVEL_UP
300130,7278612852,NORMAL,1.0,1.0,260627,SKILL_LEVEL_UP
300130,7278612852,NORMAL,3.0,2.0,262030,SKILL_LEVEL_UP
300130,7278612852,NORMAL,8.0,1.0,263099,SKILL_LEVEL_UP
300130,7278612852,NORMAL,9.0,2.0,288880,SKILL_LEVEL_UP
300130,7278612852,NORMAL,6.0,1.0,290783,SKILL_LEVEL_UP
360145,7278612852,NORMAL,5.0,1.0,300297,SKILL_LEVEL_UP
360145,7278612852,NORMAL,4.0,1.0,304639,SKILL_LEVEL_UP
360145,7278612852,NORMAL,10.0,3.0,311117,SKILL_LEVEL_UP
360145,7278612852,NORMAL,8.0,4.0,333526,SKILL_LEVEL_UP
360145,7278612852,NORMAL,1.0,4.0,334930,SKILL_LEVEL_UP
360145,7278612852,NORMAL,2.0,1.0,338503,SKILL_LEVEL_UP
360145,7278612852,NORMAL,3.0,4.0,357941,SKILL_LEVEL_UP
420173,7278612852,NORMAL,7.0,3.0,364387,SKILL_LEVEL_UP
420173,7278612852,NORMAL,9.0,2.0,365589,SKILL_LEVEL_UP
420173,7278612852,NORMAL,5.0,1.0,375607,SKILL_LEVEL_UP
420173,7278612852,NORMAL,4.0,1.0,388832,SKILL_LEVEL_UP
420173,7278612852,NORMAL,6.0,4.0,404233,SKILL_LEVEL_UP
420173,7278612852,NORMAL,10.0,1.0,412820,SKILL_LEVEL_UP
480188,7278612852,NORMAL,8.0,1.0,423212,SKILL_LEVEL_UP
480188,7278612852,NORMAL,3.0,2.0,448360,SKILL_LEVEL_UP
480188,7278612852,NORMAL,10.0,4.0,458278,SKILL_LEVEL_UP
480188,7278612852,NORMAL,9.0,4.0,458846,SKILL_LEVEL_UP
480188,7278612852,NORMAL,1.0,1.0,466727,SKILL_LEVEL_UP
480188,7278612852,NORMAL,2.0,4.0,471971,SKILL_LEVEL_UP
480188,7278612852,NORMAL,6.0,1.0,474342,SKILL_LEVEL_UP
480188,7278612852,NORMAL,7.0,4.0,479854,SKILL_LEVEL_UP
540194,7278612852,NORMAL,4.0,4.0,488637,SKILL_LEVEL_UP
540194,7278612852,NORMAL,5.0,4.0,490841,SKILL_LEVEL_UP
540194,7278612852,EVOLVE,2.0,1.0,491008,SKILL_LEVEL_UP
540194,7278612852,NORMAL,8.0,3.0,491075,SKILL_LEVEL_UP
540194,7278612852,NORMAL,3.0,3.0,519664,SKILL_LEVEL_UP
600211,7278612852,NORMAL,2.0,1.0,559864,SKILL_LEVEL_UP
600211,7278612852,NORMAL,7.0,1.0,568714,SKILL_LEVEL_UP
600211,7278612852,NORMAL,1.0,3.0,574425,SKILL_LEVEL_UP
660225,7278612852,NORMAL,4.0,1.0,602515,SKILL_LEVEL_UP
660225,7278612852,NORMAL,5.0,1.0,605955,SKILL_LEVEL_UP
660225,7278612852,NORMAL,3.0,2.0,607224,SKILL_LEVEL_UP
660225,7278612852,NORMAL,9.0,2.0,615673,SKILL_LEVEL_UP
660225,7278612852,NORMAL,8.0,1.0,616542,SKILL_LEVEL_UP
660225,7278612852,NORMAL,6.0,3.0,625561,SKILL_LEVEL_UP
660225,7278612852,NORMAL,1.0,1.0,651279,SKILL_LEVEL_UP
720252,7278612852,NORMAL,10.0,1.0,667339,SKILL_LEVEL_UP
720252,7278612852,NORMAL,2.0,2.0,686981,SKILL_LEVEL_UP
720252,7278612852,NORMAL,1.0,3.0,696733,SKILL_LEVEL_UP
720252,7278612852,NORMAL,9.0,1.0,704915,SKILL_LEVEL_UP
780284,7278612852,NORMAL,8.0,3.0,723895,SKILL_LEVEL_UP
780284,7278612852,NORMAL,4.0,2.0,729873,SKILL_LEVEL_UP
780284,7278612852,NORMAL,7.0,1.0,733588,SKILL_LEVEL_UP
780284,7278612852,NORMAL,6.0,1.0,754732,SKILL_LEVEL_UP
780284,7278612852,NORMAL,3.0,1.0,766187,SKILL_LEVEL_UP
840287,7278612852,NORMAL,5.0,3.0,794344,SKILL_LEVEL_UP
840287,7278612852,NORMAL,2.0,1.0,796047,SKILL_LEVEL_UP
840287,7278612852,NORMAL,8.0,4.0,814053,SKILL_LEVEL_UP
840287,7278612852,NORMAL,1.0,4.0,818266,SKILL_LEVEL_UP
900317,7278612852,NORMAL,10.0,2.0,851076,SKILL_LEVEL_UP
900317,7278612852,NORMAL,4.0,1.0,853581,SKILL_LEVEL_UP
900317,7278612852,NORMAL,3.0,4.0,875829,SKILL_LEVEL_UP
900317,7278612852,NORMAL,7.0,1.0,891062,SKILL_LEVEL_UP
960327,7278612852,NORMAL,6.0,2.0,906029,SKILL_LEVEL_UP
960327,7278612852,NORMAL,2.0,2.0,910871,SKILL_LEVEL_UP
960327,7278612852,NORMAL,1.0,3.0,916248,SKILL_LEVEL_UP
960327,7278612852,NORMAL,4.0,2.0,937162,SKILL_LEVEL_UP
960327,7278612852,NORMAL,2.0,4.0,954842,SKILL_LEVEL_UP
960327,7278612852,NORMAL,5.0,1.0,955243,SKILL_LEVEL_UP
960327,7278612852,EVOLVE,2.0,2.0,958550,SKILL_LEVEL_UP
60022,7278531073,NORMAL,4.0,2.0,31731,SKILL_LEVEL_UP
60022,7278531073,NORMAL,8.0,1.0,33134,SKILL_LEVEL_UP
60022,7278531073,NORMAL,6.0,3.0,45459,SKILL_LEVEL_UP
120041,7278531073,NORMAL,5.0,1.0,60320,SKILL_LEVEL_UP
120041,7278531073,NORMAL,3.0,3.0,76920,SKILL_LEVEL_UP
120041,7278531073,NORMAL,2.0,2.0,80661,SKILL_LEVEL_UP
120041,7278531073,NORMAL,7.0,3.0,81696,SKILL_LEVEL_UP
120041,7278531073,NORMAL,10.0,1.0,97596,SKILL_LEVEL_UP
120041,7278531073,NORMAL,9.0,1.0,98431,SKILL_LEVEL_UP
120041,7278531073,NORMAL,1.0,3.0,103975,SKILL_LEVEL_UP
120041,7278531073,NORMAL,7.0,1.0,106981,SKILL_LEVEL_UP
120041,7278531073,NORMAL,2.0,3.0,107649,SKILL_LEVEL_UP
180120,7278531073,NORMAL,8.0,3.0,122580,SKILL_LEVEL_UP
180120,7278531073,NORMAL,9.0,2.0,133101,SKILL_LEVEL_UP
180120,7278531073,NORMAL,10.0,2.0,134069,SKILL_LEVEL_UP
180120,7278531073,NORMAL,1.0,1.0,137710,SKILL_LEVEL_UP
180120,7278531073,NORMAL,3.0,2.0,144156,SKILL_LEVEL_UP
180120,7278531073,NORMAL,5.0,3.0,147730,SKILL_LEVEL_UP
180120,7278531073,NORMAL,2.0,1.0,151438,SKILL_LEVEL_UP
180120,7278531073,NORMAL,4.0,3.0,155178,SKILL_LEVEL_UP
180120,7278531073,NORMAL,7.0,2.0,155646,SKILL_LEVEL_UP
180120,7278531073,NORMAL,6.0,2.0,155780,SKILL_LEVEL_UP
180120,7278531073,NORMAL,8.0,2.0,159621,SKILL_LEVEL_UP
180120,7278531073,NORMAL,3.0,1.0,159988,SKILL_LEVEL_UP
180120,7278531073,NORMAL,1.0,2.0,160790,SKILL_LEVEL_UP
240152,7278531073,NORMAL,6.0,1.0,185798,SKILL_LEVEL_UP
240152,7278531073,NORMAL,3.0,2.0,193849,SKILL_LEVEL_UP
240152,7278531073,NORMAL,4.0,1.0,195319,SKILL_LEVEL_UP
240152,7278531073,NORMAL,9.0,1.0,198692,SKILL_LEVEL_UP
240152,7278531073,NORMAL,1.0,2.0,199861,SKILL_LEVEL_UP
240152,7278531073,NORMAL,5.0,2.0,200228,SKILL_LEVEL_UP
240152,7278531073,NORMAL,10.0,1.0,207251,SKILL_LEVEL_UP
240152,7278531073,NORMAL,8.0,1.0,209488,SKILL_LEVEL_UP
240152,7278531073,NORMAL,6.0,2.0,213330,SKILL_LEVEL_UP
240152,7278531073,NORMAL,2.0,1.0,234440,SKILL_LEVEL_UP
300155,7278531073,NORMAL,7.0,1.0,244894,SKILL_LEVEL_UP
300155,7278531073,NORMAL,6.0,2.0,259591,SKILL_LEVEL_UP
300155,7278531073,NORMAL,4.0,2.0,277195,SKILL_LEVEL_UP
300155,7278531073,NORMAL,8.0,1.0,280368,SKILL_LEVEL_UP
300155,7278531073,NORMAL,3.0,2.0,297903,SKILL_LEVEL_UP
360187,7278531073,NORMAL,1.0,2.0,305199,SKILL_LEVEL_UP
360187,7278531073,NORMAL,9.0,3.0,318234,SKILL_LEVEL_UP
360187,7278531073,NORMAL,10.0,3.0,320940,SKILL_LEVEL_UP
360187,7278531073,NORMAL,2.0,2.0,329458,SKILL_LEVEL_UP
360187,7278531073,NORMAL,7.0,1.0,337475,SKILL_LEVEL_UP
360187,7278531073,NORMAL,8.0,4.0,339446,SKILL_LEVEL_UP
360187,7278531073,NORMAL,1.0,4.0,341216,SKILL_LEVEL_UP
360187,7278531073,NORMAL,5.0,1.0,355678,SKILL_LEVEL_UP
360187,7278531073,NORMAL,4.0,2.0,358350,SKILL_LEVEL_UP
420210,7278531073,NORMAL,6.0,4.0,378426,SKILL_LEVEL_UP
420210,7278531073,NORMAL,3.0,4.0,398642,SKILL_LEVEL_UP
420210,7278531073,NORMAL,9.0,1.0,399009,SKILL_LEVEL_UP
420210,7278531073,NORMAL,10.0,1.0,399243,SKILL_LEVEL_UP
480222,7278531073,NORMAL,1.0,2.0,433577,SKILL_LEVEL_UP
480222,7278531073,NORMAL,5.0,1.0,441431,SKILL_LEVEL_UP
480222,7278531073,NORMAL,2.0,4.0,447477,SKILL_LEVEL_UP
480222,7278531073,NORMAL,8.0,1.0,452758,SKILL_LEVEL_UP
480222,7278531073,NORMAL,4.0,4.0,456967,SKILL_LEVEL_UP
480222,7278531073,NORMAL,1.0,3.0,465520,SKILL_LEVEL_UP
480222,7278531073,NORMAL,6.0,2.0,473975,SKILL_LEVEL_UP
480222,7278531073,NORMAL,3.0,2.0,479586,SKILL_LEVEL_UP
540246,7278531073,NORMAL,9.0,4.0,492249,SKILL_LEVEL_UP
540246,7278531073,NORMAL,10.0,4.0,496123,SKILL_LEVEL_UP
540246,7278531073,NORMAL,5.0,4.0,525155,SKILL_LEVEL_UP
540246,7278531073,NORMAL,7.0,4.0,529197,SKILL_LEVEL_UP
540246,7278531073,NORMAL,2.0,2.0,531067,SKILL_LEVEL_UP
600247,7278531073,NORMAL,8.0,3.0,574119,SKILL_LEVEL_UP
600247,7278531073,NORMAL,3.0,3.0,575054,SKILL_LEVEL_UP
600247,7278531073,NORMAL,1.0,2.0,584883,SKILL_LEVEL_UP
600247,7278531073,NORMAL,4.0,2.0,592465,SKILL_LEVEL_UP
660252,7278531073,NORMAL,9.0,1.0,611837,SKILL_LEVEL_UP
660252,7278531073,NORMAL,7.0,1.0,624101,SKILL_LEVEL_UP
660252,7278531073,NORMAL,6.0,1.0,631763,SKILL_LEVEL_UP
660252,7278531073,NORMAL,10.0,1.0,634335,SKILL_LEVEL_UP
660252,7278531073,NORMAL,2.0,1.0,641048,SKILL_LEVEL_UP
660252,7278531073,NORMAL,8.0,1.0,649342,SKILL_LEVEL_UP
720281,7278531073,NORMAL,1.0,3.0,695511,SKILL_LEVEL_UP
720281,7278531073,NORMAL,3.0,2.0,701295,SKILL_LEVEL_UP
720281,7278531073,NORMAL,6.0,2.0,710795,SKILL_LEVEL_UP
780284,7278531073,NORMAL,5.0,1.0,723687,SKILL_LEVEL_UP
780284,7278531073,NORMAL,8.0,3.0,723687,SKILL_LEVEL_UP
780284,7278531073,NORMAL,4.0,1.0,737619,SKILL_LEVEL_UP
780284,7278531073,NORMAL,9.0,2.0,748914,SKILL_LEVEL_UP
780284,7278531073,NORMAL,2.0,1.0,763717,SKILL_LEVEL_UP
780284,7278531073,NORMAL,10.0,3.0,763951,SKILL_LEVEL_UP
780284,7278531073,NORMAL,7.0,2.0,768260,SKILL_LEVEL_UP
840317,7278531073,NORMAL,3.0,3.0,785361,SKILL_LEVEL_UP
840317,7278531073,NORMAL,4.0,2.0,802577,SKILL_LEVEL_UP
840317,7278531073,NORMAL,1.0,4.0,817810,SKILL_LEVEL_UP
840317,7278531073,NORMAL,8.0,4.0,835897,SKILL_LEVEL_UP
900345,7278531073,NORMAL,5.0,3.0,847865,SKILL_LEVEL_UP
900345,7278531073,NORMAL,2.0,1.0,851048,SKILL_LEVEL_UP
900345,7278531073,NORMAL,6.0,1.0,883356,SKILL_LEVEL_UP
900345,7278531073,NORMAL,4.0,1.0,886662,SKILL_LEVEL_UP
900345,7278531073,NORMAL,7.0,1.0,889389,SKILL_LEVEL_UP
960348,7278531073,NORMAL,9.0,1.0,903251,SKILL_LEVEL_UP
960348,7278531073,NORMAL,1.0,3.0,904353,SKILL_LEVEL_UP
960348,7278531073,NORMAL,2.0,4.0,925608,SKILL_LEVEL_UP
960348,7278531073,NORMAL,10.0,1.0,933908,SKILL_LEVEL_UP
960348,7278531073,NORMAL,3.0,4.0,942130,SKILL_LEVEL_UP
1020357,7278531073,NORMAL,8.0,3.0,960415,SKILL_LEVEL_UP
1020357,7278531073,NORMAL,9.0,2.0,965960,SKILL_LEVEL_UP
1020357,7278531073,NORMAL,7.0,2.0,995903,SKILL_LEVEL_UP
1080390,7278531073,NORMAL,10.0,2.0,1033870,SKILL_LEVEL_UP
1080390,7278531073,NORMAL,1.0,3.0,1057313,SKILL_LEVEL_UP
1140398,7278531073,NORMAL,4.0,4.0,1103161,SKILL_LEVEL_UP
1140398,7278531073,NORMAL,3.0,3.0,1112994,SKILL_LEVEL_UP
1140398,7278531073,NORMAL,8.0,3.0,1113762,SKILL_LEVEL_UP
1140398,7278531073,NORMAL,9.0,4.0,1124000,SKILL_LEVEL_UP
1140398,7278531073,NORMAL,6.0,4.0,1124234,SKILL_LEVEL_UP
1140398,7278531073,NORMAL,7.0,4.0,1128153,SKILL_LEVEL_UP
1140398,7278531073,NORMAL,5.0,1.0,1140099,SKILL_LEVEL_UP
1140398,7278531073,NORMAL,2.0,3.0,1140231,SKILL_LEVEL_UP
1260434,7278531073,NORMAL,3.0,3.0,1245879,SKILL_LEVEL_UP
1260434,7278531073,NORMAL,1.0,1.0,1256920,SKILL_LEVEL_UP
1320460,7278531073,NORMAL,4.0,1.0,1264642,SKILL_LEVEL_UP
1320460,7278531073,NORMAL,2.0,3.0,1268590,SKILL_LEVEL_UP
1320460,7278531073,NORMAL,8.0,2.0,1291026,SKILL_LEVEL_UP
1320460,7278531073,NORMAL,10.0,4.0,1292429,SKILL_LEVEL_UP
1320460,7278531073,NORMAL,5.0,3.0,1295368,SKILL_LEVEL_UP
1320460,7278531073,NORMAL,6.0,1.0,1318823,SKILL_LEVEL_UP
1380481,7278531073,NORMAL,9.0,2.0,1321094,SKILL_LEVEL_UP
1380481,7278531073,NORMAL,7.0,2.0,1322430,SKILL_LEVEL_UP
1380481,7278531073,NORMAL,10.0,3.0,1323640,SKILL_LEVEL_UP
1380481,7278531073,NORMAL,9.0,2.0,1339534,SKILL_LEVEL_UP
1440505,7278531073,NORMAL,5.0,4.0,1428167,SKILL_LEVEL_UP
1440505,7278531073,NORMAL,6.0,1.0,1435395,SKILL_LEVEL_UP
1440505,7278531073,NORMAL,1.0,1.0,1440137,SKILL_LEVEL_UP
1500527,7278531073,NORMAL,4.0,1.0,1447455,SKILL_LEVEL_UP
1500527,7278531073,NORMAL,8.0,2.0,1467499,SKILL_LEVEL_UP
1500527,7278531073,NORMAL,7.0,2.0,1488638,SKILL_LEVEL_UP
1500527,7278531073,NORMAL,2.0,3.0,1498395,SKILL_LEVEL_UP
1560559,7278531073,NORMAL,3.0,1.0,1515623,SKILL_LEVEL_UP
1560559,7278531073,NORMAL,6.0,3.0,1517627,SKILL_LEVEL_UP
1620572,7278531073,NORMAL,9.0,3.0,1563766,SKILL_LEVEL_UP
1620572,7278531073,NORMAL,10.0,3.0,1564835,SKILL_LEVEL_UP
1620572,7278531073,NORMAL,1.0,4.0,1581499,SKILL_LEVEL_UP
1620572,7278531073,NORMAL,2.0,3.0,1599717,SKILL_LEVEL_UP
1680592,7278531073,NORMAL,4.0,3.0,1621774,SKILL_LEVEL_UP
1740598,7278531073,NORMAL,5.0,3.0,1688268,SKILL_LEVEL_UP
1740598,7278531073,NORMAL,9.0,3.0,1713067,SKILL_LEVEL_UP
1740598,7278531073,NORMAL,3.0,1.0,1713403,SKILL_LEVEL_UP
1740598,7278531073,NORMAL,6.0,3.0,1724372,SKILL_LEVEL_UP
1740598,7278531073,NORMAL,2.0,4.0,1730016,SKILL_LEVEL_UP
1740598,7278531073,NORMAL,1.0,1.0,1739052,SKILL_LEVEL_UP
1800601,7278531073,NORMAL,7.0,3.0,1754907,SKILL_LEVEL_UP
1800601,7278531073,NORMAL,8.0,4.0,1756553,SKILL_LEVEL_UP
1860626,7278531073,NORMAL,10.0,3.0,1811514,SKILL_LEVEL_UP
1860626,7278531073,NORMAL,5.0,3.0,1822710,SKILL_LEVEL_UP
1860626,7278531073,NORMAL,6.0,4.0,1825649,SKILL_LEVEL_UP
1860626,7278531073,NORMAL,9.0,4.0,1832115,SKILL_LEVEL_UP
1920651,7278531073,NORMAL,4.0,3.0,1896375,SKILL_LEVEL_UP
1920651,7278531073,NORMAL,6.0,3.0,1906967,SKILL_LEVEL_UP
1920651,7278531073,NORMAL,2.0,2.0,1914582,SKILL_LEVEL_UP
1980659,7278531073,NORMAL,8.0,2.0,1921252,SKILL_LEVEL_UP
1980659,7278531073,NORMAL,10.0,2.0,1921486,SKILL_LEVEL_UP
1980659,7278531073,NORMAL,7.0,3.0,1921653,SKILL_LEVEL_UP
1980659,7278531073,NORMAL,9.0,3.0,1925501,SKILL_LEVEL_UP
1980659,7278531073,NORMAL,6.0,3.0,1979132,SKILL_LEVEL_UP
2040676,7278531073,NORMAL,3.0,4.0,1990502,SKILL_LEVEL_UP
2040676,7278531073,NORMAL,9.0,3.0,2005968,SKILL_LEVEL_UP
2076960,7278531073,NORMAL,10.0,4.0,2044407,SKILL_LEVEL_UP
2076960,7278531073,NORMAL,7.0,4.0,2046281,SKILL_LEVEL_UP
2076960,7278531073,NORMAL,8.0,2.0,2055711,SKILL_LEVEL_UP
60001,7276401144,NORMAL,1.0,1.0,18080,SKILL_LEVEL_UP
60001,7276401144,NORMAL,3.0,1.0,26664,SKILL_LEVEL_UP
60001,7276401144,NORMAL,9.0,1.0,33378,SKILL_LEVEL_UP
120022,7276401144,NORMAL,7.0,3.0,60729,SKILL_LEVEL_UP
120022,7276401144,NORMAL,6.0,1.0,61531,SKILL_LEVEL_UP
120022,7276401144,NORMAL,5.0,3.0,70015,SKILL_LEVEL_UP
120022,7276401144,NORMAL,10.0,1.0,86317,SKILL_LEVEL_UP
120022,7276401144,NORMAL,4.0,1.0,86751,SKILL_LEVEL_UP
120022,7276401144,NORMAL,8.0,1.0,87753,SKILL_LEVEL_UP
120022,7276401144,NORMAL,2.0,3.0,88054,SKILL_LEVEL_UP
120022,7276401144,NORMAL,7.0,1.0,109934,SKILL_LEVEL_UP
120022,7276401144,NORMAL,2.0,2.0,110502,SKILL_LEVEL_UP
180027,7276401144,NORMAL,8.0,2.0,123663,SKILL_LEVEL_UP
180027,7276401144,NORMAL,3.0,3.0,130945,SKILL_LEVEL_UP
180027,7276401144,NORMAL,10.0,3.0,132716,SKILL_LEVEL_UP
180027,7276401144,NORMAL,9.0,2.0,133116,SKILL_LEVEL_UP
180027,7276401144,NORMAL,4.0,2.0,135354,SKILL_LEVEL_UP
180027,7276401144,NORMAL,6.0,3.0,141072,SKILL_LEVEL_UP
180027,7276401144,NORMAL,1.0,3.0,146818,SKILL_LEVEL_UP
180027,7276401144,NORMAL,7.0,2.0,147319,SKILL_LEVEL_UP
180027,7276401144,NORMAL,5.0,1.0,151028,SKILL_LEVEL_UP
180027,7276401144,NORMAL,1.0,1.0,158810,SKILL_LEVEL_UP
180027,7276401144,NORMAL,2.0,1.0,160480,SKILL_LEVEL_UP
180027,7276401144,NORMAL,3.0,2.0,160514,SKILL_LEVEL_UP
180027,7276401144,NORMAL,8.0,3.0,167728,SKILL_LEVEL_UP
240048,7276401144,NORMAL,6.0,2.0,184580,SKILL_LEVEL_UP
240048,7276401144,NORMAL,10.0,2.0,191427,SKILL_LEVEL_UP
240048,7276401144,NORMAL,4.0,1.0,191527,SKILL_LEVEL_UP
240048,7276401144,NORMAL,9.0,3.0,192295,SKILL_LEVEL_UP
240048,7276401144,NORMAL,1.0,2.0,195607,SKILL_LEVEL_UP
240048,7276401144,NORMAL,5.0,2.0,196576,SKILL_LEVEL_UP
240048,7276401144,NORMAL,8.0,1.0,208903,SKILL_LEVEL_UP
240048,7276401144,NORMAL,3.0,1.0,211008,SKILL_LEVEL_UP
240048,7276401144,NORMAL,6.0,1.0,211509,SKILL_LEVEL_UP
240048,7276401144,NORMAL,7.0,1.0,217493,SKILL_LEVEL_UP
240048,7276401144,NORMAL,6.0,1.0,226378,SKILL_LEVEL_UP
300123,7276401144,NORMAL,3.0,1.0,257284,SKILL_LEVEL_UP
300123,7276401144,NORMAL,10.0,1.0,257618,SKILL_LEVEL_UP
300123,7276401144,NORMAL,9.0,1.0,257952,SKILL_LEVEL_UP
300123,7276401144,NORMAL,2.0,2.0,262675,SKILL_LEVEL_UP
300123,7276401144,NORMAL,5.0,1.0,264312,SKILL_LEVEL_UP
300123,7276401144,NORMAL,8.0,1.0,264746,SKILL_LEVEL_UP
300123,7276401144,NORMAL,4.0,3.0,266049,SKILL_LEVEL_UP
300123,7276401144,NORMAL,1.0,1.0,276178,SKILL_LEVEL_UP
360143,7276401144,NORMAL,7.0,1.0,310411,SKILL_LEVEL_UP
360143,7276401144,NORMAL,6.0,4.0,335142,SKILL_LEVEL_UP
360143,7276401144,NORMAL,3.0,4.0,338387,SKILL_LEVEL_UP
360143,7276401144,NORMAL,2.0,2.0,339790,SKILL_LEVEL_UP
360143,7276401144,NORMAL,9.0,1.0,344533,SKILL_LEVEL_UP
360143,7276401144,NORMAL,10.0,1.0,348377,SKILL_LEVEL_UP
360143,7276401144,NORMAL,8.0,4.0,353020,SKILL_LEVEL_UP
360143,7276401144,NORMAL,4.0,1.0,353521,SKILL_LEVEL_UP
420171,7276401144,NORMAL,6.0,1.0,370231,SKILL_LEVEL_UP
420171,7276401144,NORMAL,5.0,1.0,371099,SKILL_LEVEL_UP
420171,7276401144,NORMAL,3.0,1.0,405116,SKILL_LEVEL_UP
480181,7276401144,NORMAL,1.0,2.0,425014,SKILL_LEVEL_UP
480181,7276401144,NORMAL,8.0,1.0,431195,SKILL_LEVEL_UP
480181,7276401144,NORMAL,4.0,4.0,437742,SKILL_LEVEL_UP
480181,7276401144,NORMAL,2.0,4.0,449004,SKILL_LEVEL_UP
480181,7276401144,NORMAL,7.0,4.0,454322,SKILL_LEVEL_UP
480181,7276401144,NORMAL,5.0,4.0,462673,SKILL_LEVEL_UP
480181,7276401144,NORMAL,10.0,4.0,466818,SKILL_LEVEL_UP
480181,7276401144,NORMAL,9.0,4.0,467019,SKILL_LEVEL_UP
540202,7276401144,NORMAL,1.0,1.0,480215,SKILL_LEVEL_UP
540202,7276401144,NORMAL,3.0,3.0,491345,SKILL_LEVEL_UP
540202,7276401144,NORMAL,7.0,1.0,523310,SKILL_LEVEL_UP
540202,7276401144,NORMAL,6.0,2.0,526851,SKILL_LEVEL_UP
600222,7276401144,NORMAL,9.0,1.0,564330,SKILL_LEVEL_UP
600222,7276401144,NORMAL,1.0,2.0,575735,SKILL_LEVEL_UP
600222,7276401144,NORMAL,4.0,1.0,593827,SKILL_LEVEL_UP
660224,7276401144,NORMAL,5.0,1.0,608881,SKILL_LEVEL_UP
660224,7276401144,NORMAL,3.0,1.0,608948,SKILL_LEVEL_UP
660224,7276401144,NORMAL,8.0,3.0,611252,SKILL_LEVEL_UP
660224,7276401144,NORMAL,10.0,1.0,616697,SKILL_LEVEL_UP
660224,7276401144,NORMAL,6.0,1.0,632369,SKILL_LEVEL_UP
660224,7276401144,NORMAL,7.0,3.0,651807,SKILL_LEVEL_UP
720231,7276401144,NORMAL,8.0,1.0,663664,SKILL_LEVEL_UP
720231,7276401144,NORMAL,2.0,2.0,674776,SKILL_LEVEL_UP
720231,7276401144,NORMAL,6.0,2.0,681257,SKILL_LEVEL_UP
720231,7276401144,NORMAL,3.0,3.0,704418,SKILL_LEVEL_UP
780264,7276401144,NORMAL,1.0,1.0,725986,SKILL_LEVEL_UP
780264,7276401144,NORMAL,4.0,2.0,730395,SKILL_LEVEL_UP
780264,7276401144,NORMAL,10.0,2.0,731164,SKILL_LEVEL_UP
780264,7276401144,NORMAL,9.0,2.0,733518,SKILL_LEVEL_UP
780264,7276401144,NORMAL,2.0,1.0,740499,SKILL_LEVEL_UP
780264,7276401144,NORMAL,6.0,4.0,744610,SKILL_LEVEL_UP
840285,7276401144,NORMAL,7.0,1.0,810128,SKILL_LEVEL_UP
840285,7276401144,NORMAL,3.0,4.0,824482,SKILL_LEVEL_UP
840285,7276401144,NORMAL,4.0,1.0,833066,SKILL_LEVEL_UP
900288,7276401144,NORMAL,8.0,4.0,864225,SKILL_LEVEL_UP
900288,7276401144,NORMAL,6.0,2.0,874017,SKILL_LEVEL_UP
900288,7276401144,NORMAL,9.0,1.0,876021,SKILL_LEVEL_UP
900288,7276401144,NORMAL,7.0,2.0,881809,SKILL_LEVEL_UP
958008,7276401144,NORMAL,2.0,2.0,910721,SKILL_LEVEL_UP
958008,7276401144,NORMAL,8.0,3.0,942765,SKILL_LEVEL_UP
60018,7276335666,NORMAL,5.0,3.0,12088,SKILL_LEVEL_UP
60018,7276335666,NORMAL,2.0,1.0,39376,SKILL_LEVEL_UP
120047,7276335666,NORMAL,6.0,3.0,76725,SKILL_LEVEL_UP
120047,7276335666,NORMAL,3.0,3.0,83506,SKILL_LEVEL_UP
120047,7276335666,NORMAL,8.0,3.0,85443,SKILL_LEVEL_UP
120047,7276335666,NORMAL,7.0,1.0,86379,SKILL_LEVEL_UP
120047,7276335666,NORMAL,9.0,1.0,93493,SKILL_LEVEL_UP
120047,7276335666,NORMAL,10.0,1.0,95029,SKILL_LEVEL_UP
120047,7276335666,NORMAL,1.0,1.0,97835,SKILL_LEVEL_UP
120047,7276335666,NORMAL,4.0,1.0,98269,SKILL_LEVEL_UP
120047,7276335666,NORMAL,7.0,3.0,109258,SKILL_LEVEL_UP
180090,7276335666,NORMAL,2.0,2.0,122819,SKILL_LEVEL_UP
180090,7276335666,NORMAL,8.0,2.0,124088,SKILL_LEVEL_UP
180090,7276335666,NORMAL,1.0,3.0,135854,SKILL_LEVEL_UP
180090,7276335666,NORMAL,10.0,3.0,136994,SKILL_LEVEL_UP
180090,7276335666,NORMAL,9.0,2.0,139900,SKILL_LEVEL_UP
180090,7276335666,NORMAL,3.0,2.0,149454,SKILL_LEVEL_UP
180090,7276335666,NORMAL,5.0,1.0,149587,SKILL_LEVEL_UP
180090,7276335666,NORMAL,4.0,2.0,150589,SKILL_LEVEL_UP
180090,7276335666,NORMAL,6.0,2.0,150790,SKILL_LEVEL_UP
180090,7276335666,NORMAL,7.0,2.0,155566,SKILL_LEVEL_UP
180090,7276335666,NORMAL,1.0,2.0,160312,SKILL_LEVEL_UP
180090,7276335666,NORMAL,3.0,1.0,166024,SKILL_LEVEL_UP
240091,7276335666,NORMAL,6.0,1.0,180291,SKILL_LEVEL_UP
240091,7276335666,NORMAL,4.0,3.0,189309,SKILL_LEVEL_UP
240091,7276335666,NORMAL,5.0,2.0,189609,SKILL_LEVEL_UP
240091,7276335666,NORMAL,8.0,1.0,195253,SKILL_LEVEL_UP
240091,7276335666,NORMAL,1.0,2.0,200631,SKILL_LEVEL_UP
240091,7276335666,NORMAL,2.0,3.0,219584,SKILL_LEVEL_UP
240091,7276335666,NORMAL,6.0,1.0,224962,SKILL_LEVEL_UP
240091,7276335666,NORMAL,8.0,3.0,233879,SKILL_LEVEL_UP
300092,7276335666,NORMAL,10.0,2.0,245876,SKILL_LEVEL_UP
300092,7276335666,NORMAL,9.0,3.0,249450,SKILL_LEVEL_UP
300092,7276335666,NORMAL,7.0,1.0,258846,SKILL_LEVEL_UP
300092,7276335666,NORMAL,3.0,1.0,259614,SKILL_LEVEL_UP
300092,7276335666,NORMAL,1.0,1.0,261218,SKILL_LEVEL_UP
300092,7276335666,NORMAL,8.0,3.0,277019,SKILL_LEVEL_UP
300092,7276335666,NORMAL,6.0,1.0,284500,SKILL_LEVEL_UP
300092,7276335666,NORMAL,4.0,1.0,285870,SKILL_LEVEL_UP
360094,7276335666,NORMAL,5.0,3.0,302731,SKILL_LEVEL_UP
360094,7276335666,NORMAL,2.0,3.0,304535,SKILL_LEVEL_UP
360094,7276335666,NORMAL,9.0,1.0,318698,SKILL_LEVEL_UP
360094,7276335666,NORMAL,1.0,4.0,322706,SKILL_LEVEL_UP
360094,7276335666,NORMAL,3.0,1.0,324747,SKILL_LEVEL_UP
360094,7276335666,NORMAL,6.0,4.0,333299,SKILL_LEVEL_UP
360094,7276335666,NORMAL,10.0,2.0,341082,SKILL_LEVEL_UP
360094,7276335666,NORMAL,4.0,1.0,348633,SKILL_LEVEL_UP
360094,7276335666,NORMAL,8.0,4.0,356415,SKILL_LEVEL_UP
420130,7276335666,NORMAL,5.0,3.0,368043,SKILL_LEVEL_UP
420130,7276335666,NORMAL,7.0,1.0,389356,SKILL_LEVEL_UP
420130,7276335666,NORMAL,3.0,4.0,396540,SKILL_LEVEL_UP
420130,7276335666,NORMAL,9.0,1.0,410770,SKILL_LEVEL_UP
480132,7276335666,NORMAL,2.0,2.0,432258,SKILL_LEVEL_UP
480132,7276335666,NORMAL,1.0,2.0,443486,SKILL_LEVEL_UP
480132,7276335666,NORMAL,8.0,3.0,444488,SKILL_LEVEL_UP
480132,7276335666,NORMAL,10.0,2.0,446425,SKILL_LEVEL_UP
480132,7276335666,NORMAL,9.0,4.0,465166,SKILL_LEVEL_UP
480132,7276335666,NORMAL,6.0,1.0,469275,SKILL_LEVEL_UP
540134,7276335666,NORMAL,4.0,4.0,480833,SKILL_LEVEL_UP
540134,7276335666,NORMAL,7.0,4.0,510600,SKILL_LEVEL_UP
540134,7276335666,NORMAL,8.0,1.0,514876,SKILL_LEVEL_UP
540134,7276335666,NORMAL,6.0,3.0,527838,SKILL_LEVEL_UP
540134,7276335666,NORMAL,3.0,1.0,532357,SKILL_LEVEL_UP
600153,7276335666,NORMAL,5.0,4.0,551791,SKILL_LEVEL_UP
600153,7276335666,NORMAL,2.0,4.0,556033,SKILL_LEVEL_UP
600153,7276335666,NORMAL,1.0,2.0,576056,SKILL_LEVEL_UP
600153,7276335666,NORMAL,7.0,1.0,580231,SKILL_LEVEL_UP
600153,7276335666,NORMAL,4.0,1.0,586390,SKILL_LEVEL_UP
660173,7276335666,NORMAL,8.0,3.0,607401,SKILL_LEVEL_UP
660173,7276335666,NORMAL,9.0,1.0,612817,SKILL_LEVEL_UP
660173,7276335666,NORMAL,3.0,2.0,620366,SKILL_LEVEL_UP
660173,7276335666,NORMAL,2.0,3.0,621167,SKILL_LEVEL_UP
660173,7276335666,NORMAL,6.0,1.0,633862,SKILL_LEVEL_UP
660173,7276335666,NORMAL,10.0,4.0,636734,SKILL_LEVEL_UP
720175,7276335666,NORMAL,4.0,2.0,677958,SKILL_LEVEL_UP
720175,7276335666,NORMAL,9.0,3.0,698114,SKILL_LEVEL_UP
720175,7276335666,NORMAL,6.0,3.0,703934,SKILL_LEVEL_UP
720175,7276335666,NORMAL,5.0,3.0,713194,SKILL_LEVEL_UP
780196,7276335666,NORMAL,1.0,2.0,728659,SKILL_LEVEL_UP
780196,7276335666,NORMAL,8.0,1.0,742434,SKILL_LEVEL_UP
780196,7276335666,NORMAL,3.0,1.0,755231,SKILL_LEVEL_UP
780196,7276335666,NORMAL,4.0,1.0,756935,SKILL_LEVEL_UP
780196,7276335666,NORMAL,2.0,1.0,760575,SKILL_LEVEL_UP
780196,7276335666,NORMAL,7.0,3.0,761544,SKILL_LEVEL_UP
840223,7276335666,NORMAL,6.0,4.0,783202,SKILL_LEVEL_UP
840223,7276335666,NORMAL,5.0,1.0,785139,SKILL_LEVEL_UP
840223,7276335666,NORMAL,7.0,1.0,818494,SKILL_LEVEL_UP
840223,7276335666,NORMAL,9.0,1.0,819730,SKILL_LEVEL_UP
840223,7276335666,NORMAL,2.0,3.0,830624,SKILL_LEVEL_UP
900235,7276335666,NORMAL,10.0,2.0,878507,SKILL_LEVEL_UP
900235,7276335666,NORMAL,8.0,4.0,880478,SKILL_LEVEL_UP
960240,7276335666,NORMAL,4.0,2.0,914767,SKILL_LEVEL_UP
960240,7276335666,NORMAL,6.0,3.0,919079,SKILL_LEVEL_UP
960240,7276335666,EVOLVE,9.0,1.0,940356,SKILL_LEVEL_UP
960240,7276335666,NORMAL,7.0,3.0,949575,SKILL_LEVEL_UP
1020245,7276335666,NORMAL,3.0,2.0,969995,SKILL_LEVEL_UP
1020245,7276335666,NORMAL,8.0,1.0,979737,SKILL_LEVEL_UP
1020245,7276335666,NORMAL,5.0,3.0,986651,SKILL_LEVEL_UP
1020245,7276335666,NORMAL,9.0,3.0,1000148,SKILL_LEVEL_UP
1080252,7276335666,NORMAL,4.0,4.0,1034381,SKILL_LEVEL_UP
1080252,7276335666,NORMAL,1.0,1.0,1048684,SKILL_LEVEL_UP
1080252,7276335666,NORMAL,7.0,4.0,1052975,SKILL_LEVEL_UP
1080252,7276335666,NORMAL,6.0,2.0,1076210,SKILL_LEVEL_UP
1140259,7276335666,NORMAL,2.0,1.0,1089514,SKILL_LEVEL_UP
1140259,7276335666,NORMAL,10.0,3.0,1095527,SKILL_LEVEL_UP
1140259,7276335666,NORMAL,9.0,4.0,1117805,SKILL_LEVEL_UP
1140259,7276335666,NORMAL,3.0,4.0,1118539,SKILL_LEVEL_UP
1140259,7276335666,EVOLVE,9.0,3.0,1119007,SKILL_LEVEL_UP
1140259,7276335666,NORMAL,8.0,1.0,1130945,SKILL_LEVEL_UP
1200275,7276335666,NORMAL,3.0,2.0,1146706,SKILL_LEVEL_UP
1200275,7276335666,NORMAL,7.0,3.0,1193723,SKILL_LEVEL_UP
1200275,7276335666,NORMAL,10.0,2.0,1196133,SKILL_LEVEL_UP
1200275,7276335666,NORMAL,4.0,2.0,1199373,SKILL_LEVEL_UP
1260298,7276335666,NORMAL,1.0,4.0,1203615,SKILL_LEVEL_UP
1260298,7276335666,NORMAL,5.0,1.0,1244383,SKILL_LEVEL_UP
1260298,7276335666,NORMAL,9.0,3.0,1247996,SKILL_LEVEL_UP
1260298,7276335666,NORMAL,6.0,3.0,1259415,SKILL_LEVEL_UP
1320330,7276335666,NORMAL,2.0,4.0,1274529,SKILL_LEVEL_UP
1320330,7276335666,NORMAL,8.0,2.0,1287367,SKILL_LEVEL_UP
1380346,7276335666,NORMAL,1.0,1.0,1330060,SKILL_LEVEL_UP
1380346,7276335666,NORMAL,3.0,2.0,1330995,SKILL_LEVEL_UP
1380346,7276335666,NORMAL,8.0,2.0,1347815,SKILL_LEVEL_UP
1380346,7276335666,NORMAL,7.0,3.0,1347815,SKILL_LEVEL_UP
1380346,7276335666,NORMAL,9.0,3.0,1349084,SKILL_LEVEL_UP
1429418,7276335666,NORMAL,4.0,2.0,1390572,SKILL_LEVEL_UP
1429418,7276335666,NORMAL,6.0,2.0,1406103,SKILL_LEVEL_UP
1429418,7276335666,NORMAL,8.0,4.0,1420763,SKILL_LEVEL_UP
