frame_timestamp,game_id,real_timestamp,timestamp,type,winning_team
1956361,7586549521,1743850042169.0,1956361,GAME_END,100.0
1354809,7587603876,1743888980432.0,1354809,GAME_END,100.0
1112577,7586955442,1743860539684.0,1112577,GAME_END,100.0
1530336,7586443327,1743845915859.0,1530336,GAME_END,200.0
938423,7586522019,1743847900835.0,938423,GAME_END,200.0
1558323,7587543066,1743880376285.0,1558323,GAME_END,200.0
2002328,7585677928,1743811921724.0,2002328,GAME_END,100.0
1664906,7586019814,1743831666224.0,1664906,GAME_END,100.0
1601406,7586998539,1743862165189.0,1601406,GAME_END,200.0
1699224,7585763630,1743818919918.0,1699224,GAME_END,100.0
1168088,7586784823,1743856603361.0,1168088,GAME_END,100.0
1824924,7586438504,1743846098304.0,1824924,GAME_END,200.0
1684545,7586084680,1743834057396.0,1684545,GAME_END,200.0
1629058,7586998287,1743862134786.0,1629058,GAME_END,100.0
1717638,7587405903,1743873661021.0,1717638,GAME_END,100.0
1532298,7586056125,1743832663939.0,1532298,GAME_END,200.0
932666,7587238721,1743867421627.0,932666,GAME_END,100.0
1680817,7587363782,1743871944286.0,1680817,GAME_END,100.0
1739036,7587371721,1743872262020.0,1739036,GAME_END,100.0
1985214,7586920182,1743860632934.0,1985214,GAME_END,200.0
1276361,7587426287,1743873690818.0,1276361,GAME_END,200.0
923049,7586463010,1743845830173.0,923049,GAME_END,100.0
134441,7585810059,1743819910129.0,134441,GAME_END,200.0
1792648,7586110280,1743834961895.0,1792648,GAME_END,100.0
934159,7586652275,1743852252144.0,934159,GAME_END,100.0
1638209,7586904196,1743859818629.0,1638209,GAME_END,100.0
1663667,7586087322,1743834015465.0,1663667,GAME_END,200.0
1897245,7586959233,1743861413470.0,1897245,GAME_END,200.0
1624034,7586644074,1743852586080.0,1624034,GAME_END,100.0
1749418,7587483589,1743877000582.0,1749418,GAME_END,100.0
1837794,7586937222,1743860824159.0,1837794,GAME_END,100.0
2136937,7587211379,1743867845544.0,2136937,GAME_END,100.0
2404589,7587645401,1743897598543.0,2404589,GAME_END,100.0
2424937,7587342695,1743872250716.0,2424937,GAME_END,200.0
1942572,7587049610,1743863677203.0,1942572,GAME_END,200.0
1268741,7587199859,1743866741310.0,1268741,GAME_END,200.0
2342713,7587315552,1743870987071.0,2342713,GAME_END,100.0
1018020,7587207804,1743866706455.0,1018020,GAME_END,200.0
1841990,7587382404,1743872651850.0,1841990,GAME_END,100.0
1191196,7586285899,1743840431255.0,1191196,GAME_END,100.0
2347368,7585806818,1743822275051.0,2347368,GAME_END,200.0
1688967,7586068019,1743833176468.0,1688967,GAME_END,200.0
916045,7586510389,1743847661744.0,916045,GAME_END,100.0
1751736,7585743008,1743817108412.0,1751736,GAME_END,200.0
1399882,7587262793,1743868523567.0,1399882,GAME_END,200.0
1630290,7587022081,1743862602442.0,1630290,GAME_END,200.0
1253363,7587569192,1743882688726.0,1253363,GAME_END,100.0
966130,7587356516,1743870958926.0,966130,GAME_END,100.0
1852320,7587539553,1743880755732.0,1852320,GAME_END,100.0
1195474,7587081777,1743863732389.0,1195474,GAME_END,200.0
1203066,7587465241,1743875331854.0,1203066,GAME_END,100.0
1228134,7586726163,1743854750791.0,1228134,GAME_END,100.0
1330722,7587446566,1743874731119.0,1330722,GAME_END,200.0
1497918,7586327623,1743841997432.0,1497918,GAME_END,200.0
1128502,7587389644,1743872256850.0,1128502,GAME_END,100.0
1725267,7587027141,1743862871041.0,1725267,GAME_END,200.0
1775020,7586053019,1743832717044.0,1775020,GAME_END,100.0
1520148,7586745636,1743855607679.0,1520148,GAME_END,200.0
1986236,7585833676,1743823352759.0,1986236,GAME_END,200.0
1832638,7585800129,1743821088961.0,1832638,GAME_END,200.0
1868120,7586035227,1743832263185.0,1868120,GAME_END,200.0
1538668,7587426983,1743874407493.0,1538668,GAME_END,200.0
1163469,7587118076,1743864534973.0,1163469,GAME_END,100.0
968302,7587493497,1743876746315.0,968302,GAME_END,200.0
913569,7586025576,1743831048272.0,913569,GAME_END,100.0
954384,7587068503,1743863261139.0,954384,GAME_END,200.0
1645262,7585989174,1743830209242.0,1645262,GAME_END,100.0
1292318,7587499452,1743877291279.0,1292318,GAME_END,200.0
1389865,7587482053,1743876330952.0,1389865,GAME_END,200.0
917499,7586225336,1743838019820.0,917499,GAME_END,200.0
1650664,7587448743,1743875312606.0,1650664,GAME_END,200.0
1665442,7585711168,1743814288470.0,1665442,GAME_END,100.0
1131695,7586983527,1743861325190.0,1131695,GAME_END,100.0
2177053,7586046063,1743832841505.0,2177053,GAME_END,200.0
2099307,7587074063,1743864305205.0,2099307,GAME_END,200.0
983015,7587312593,1743869570191.0,983015,GAME_END,100.0
1127888,7586489764,1743847240118.0,1127888,GAME_END,100.0
1551857,7587331011,1743870572318.0,1551857,GAME_END,200.0
1539973,7586843878,1743858370760.0,1539973,GAME_END,100.0
1991426,7587096439,1743864785493.0,1991426,GAME_END,200.0
1560117,7587267492,1743868798682.0,1560117,GAME_END,100.0
1851053,7587255707,1743868801232.0,1851053,GAME_END,100.0
950038,7586492941,1743847219219.0,950038,GAME_END,100.0
2048575,7586966829,1743861852061.0,2048575,GAME_END,200.0
1424268,7587391089,1743872419591.0,1424268,GAME_END,200.0
969119,7586968635,1743860803114.0,969119,GAME_END,100.0
1262428,7586871236,1743858629327.0,1262428,GAME_END,200.0
1619467,7586441961,1743846154382.0,1619467,GAME_END,200.0
1412167,7587562595,1743882526349.0,1412167,GAME_END,200.0
1713300,7586850014,1743858528940.0,1713300,GAME_END,200.0
1555216,7586679120,1743853619516.0,1555216,GAME_END,100.0
2078870,7585946708,1743829009068.0,2078870,GAME_END,200.0
1761159,7586560026,1743850060346.0,1761159,GAME_END,200.0
1957663,7587427373,1743874429167.0,1957663,GAME_END,200.0
1691245,7586019842,1743831697828.0,1691245,GAME_END,100.0
1778689,7587449178,1743875188311.0,1778689,GAME_END,200.0
956757,7587397517,1743872401305.0,956757,GAME_END,100.0
1611543,7587402840,1743873306554.0,1611543,GAME_END,100.0
1791515,7587368659,1743872172798.0,1791515,GAME_END,100.0
1409304,7586229055,1743838632577.0,1409304,GAME_END,200.0
1537596,7586000166,1743830506468.0,1537596,GAME_END,200.0
2147667,7587020376,1743863180161.0,2147667,GAME_END,100.0
935073,7586536217,1743848512271.0,935073,GAME_END,100.0
1812003,7586030088,1743831986645.0,1812003,GAME_END,200.0
2470796,7587486070,1743877674229.0,2470796,GAME_END,100.0
1659278,7586339842,1743842753105.0,1659278,GAME_END,100.0
1767553,7587629778,1743894752240.0,1767553,GAME_END,200.0
924769,7587512822,1743878025134.0,924769,GAME_END,200.0
1534282,7587319263,1743870232708.0,1534282,GAME_END,200.0
1522713,7587467204,1743875775814.0,1522713,GAME_END,100.0
1728267,7585952432,1743828823972.0,1728267,GAME_END,100.0
1599714,7586096981,1743834486230.0,1599714,GAME_END,100.0
994495,7586614285,1743851088631.0,994495,GAME_END,200.0
1117539,7586741082,1743854951218.0,1117539,GAME_END,100.0
1727185,7586423542,1743845599034.0,1727185,GAME_END,200.0
925678,7587371217,1743871322336.0,925678,GAME_END,100.0
1307054,7587653306,1743897538318.0,1307054,GAME_END,100.0
1835484,7586861736,1743859084900.0,1835484,GAME_END,100.0
1475419,7586012322,1743831039998.0,1475419,GAME_END,100.0
1167861,7586025793,1743831340281.0,1167861,GAME_END,200.0
291907,7587531200,1743878215407.0,291907,GAME_END,100.0
1588418,7586655809,1743853137088.0,1588418,GAME_END,200.0
1491817,7587037002,1743862818641.0,1491817,GAME_END,200.0
1392380,7587632768,1743895200562.0,1392380,GAME_END,200.0
1390014,7586085892,1743833887629.0,1390014,GAME_END,100.0
1210784,7585984302,1743829615728.0,1210784,GAME_END,100.0
921400,7585722596,1743815003485.0,921400,GAME_END,200.0
1683769,7587416641,1743873834078.0,1683769,GAME_END,100.0
915209,7586347168,1743841921441.0,915209,GAME_END,200.0
973102,7586044927,1743831966107.0,973102,GAME_END,200.0
1769589,7586735161,1743855463149.0,1769589,GAME_END,200.0
338882,7587317375,1743869061075.0,338882,GAME_END,100.0
1413033,7586123559,1743835115990.0,1413033,GAME_END,100.0
914394,7586165035,1743835866366.0,914394,GAME_END,200.0
1722130,7586812708,1743857653742.0,1722130,GAME_END,200.0
1408636,7585908443,1743826525505.0,1408636,GAME_END,200.0
1797421,7586231757,1743839263621.0,1797421,GAME_END,100.0
1839561,7587600804,1743888598356.0,1839561,GAME_END,200.0
910176,7586012506,1743830582374.0,910176,GAME_END,200.0
972916,7587606902,1743889528160.0,972916,GAME_END,200.0
1767810,7587024506,1743862894496.0,1767810,GAME_END,200.0
1701355,7585702849,1743814235765.0,1701355,GAME_END,100.0
1636472,7586195890,1743837907029.0,1636472,GAME_END,100.0
1321119,7587190993,1743866607538.0,1321119,GAME_END,100.0
1079414,7586526172,1743848298808.0,1079414,GAME_END,100.0
936491,7587042712,1743862583383.0,936491,GAME_END,200.0
2098359,7586620060,1743852407099.0,2098359,GAME_END,100.0
1908109,7586957940,1743861563379.0,1908109,GAME_END,100.0
2020363,7587249444,1743868744634.0,2020363,GAME_END,100.0
1697510,7586015685,1743831408246.0,1697510,GAME_END,200.0
1447330,7587490602,1743877000162.0,1447330,GAME_END,200.0
1834146,7585930130,1743827850663.0,1834146,GAME_END,100.0
1987398,7586940490,1743861121434.0,1987398,GAME_END,100.0
1068155,7586086182,1743833336782.0,1068155,GAME_END,100.0
1457044,7585689567,1743812491714.0,1457044,GAME_END,100.0
972019,7587396424,1743872267236.0,972019,GAME_END,100.0
1864058,7586170546,1743837224629.0,1864058,GAME_END,100.0
1640631,7586540735,1743849477731.0,1640631,GAME_END,200.0
1684914,7587474664,1743876474797.0,1684914,GAME_END,100.0
1574586,7586832366,1743857980498.0,1574586,GAME_END,200.0
1721243,7587618025,1743890880086.0,1721243,GAME_END,100.0
1886382,7586622126,1743852194765.0,1886382,GAME_END,200.0
1749277,7585755416,1743818210088.0,1749277,GAME_END,100.0
1842053,7586751297,1743856042371.0,1842053,GAME_END,200.0
1168959,7586937821,1743860340185.0,1168959,GAME_END,100.0
919070,7586990257,1743861213265.0,919070,GAME_END,100.0
1848477,7585922615,1743827745378.0,1848477,GAME_END,200.0
1518397,7585680829,1743811641108.0,1518397,GAME_END,200.0
1501974,7586754879,1743855946277.0,1501974,GAME_END,200.0
1540292,7586909241,1743859882526.0,1540292,GAME_END,200.0
2071750,7587166026,1743866504901.0,2071750,GAME_END,100.0
921339,7586722930,1743854479568.0,921339,GAME_END,200.0
1686890,7586516733,1743848659674.0,1686890,GAME_END,200.0
1358232,7587469968,1743875990864.0,1358232,GAME_END,100.0
965028,7587467217,1743875152512.0,965028,GAME_END,100.0
1892778,7585765130,1743818791391.0,1892778,GAME_END,200.0
1875832,7587620904,1743893133162.0,1875832,GAME_END,100.0
1321854,7587189748,1743866578449.0,1321854,GAME_END,200.0
1096476,7586899494,1743859201719.0,1096476,GAME_END,200.0
912035,7586882685,1743858673360.0,912035,GAME_END,100.0
942525,7586386174,1743843270731.0,942525,GAME_END,100.0
1990130,7586550262,1743850037414.0,1990130,GAME_END,200.0
1627667,7586536212,1743849180435.0,1627667,GAME_END,200.0
1479895,7586454822,1743846318028.0,1479895,GAME_END,100.0
911836,7587147081,1743864890267.0,911836,GAME_END,200.0
1634239,7586862652,1743858869059.0,1634239,GAME_END,200.0
1463669,7587277563,1743868959987.0,1463669,GAME_END,200.0
1580300,7586057246,1743832739699.0,1580300,GAME_END,200.0
1761631,7585789684,1743820707839.0,1761631,GAME_END,100.0
1616884,7586283983,1743840801926.0,1616884,GAME_END,200.0
2115829,7585778619,1743820211028.0,2115829,GAME_END,200.0
1588278,7587597397,1743887384544.0,1588278,GAME_END,100.0
1332498,7586665860,1743853210253.0,1332498,GAME_END,100.0
2017389,7587056651,1743863910586.0,2017389,GAME_END,100.0
1507262,7587356343,1743871352779.0,1507262,GAME_END,200.0
1675841,7586732021,1743855274000.0,1675841,GAME_END,100.0
1562367,7586716865,1743854892082.0,1562367,GAME_END,200.0
1505905,7587583461,1743885026846.0,1505905,GAME_END,200.0
1899421,7585868390,1743824986615.0,1899421,GAME_END,200.0
1279834,7586748298,1743855329200.0,1279834,GAME_END,100.0
925790,7587547717,1743880738134.0,925790,GAME_END,100.0
1094362,7587338805,1743870569846.0,1094362,GAME_END,200.0
1517076,7587637685,1743896034403.0,1517076,GAME_END,100.0
2202547,7587259303,1743869198684.0,2202547,GAME_END,200.0
2368553,7587289134,1743870159330.0,2368553,GAME_END,200.0
1497900,7586354951,1743842994773.0,1497900,GAME_END,200.0
1255758,7585724118,1743815054953.0,1255758,GAME_END,200.0
1918112,7587095771,1743864784921.0,1918112,GAME_END,200.0
1123267,7585970172,1743828930826.0,1123267,GAME_END,200.0
1814135,7585712697,1743815133832.0,1814135,GAME_END,100.0
941725,7586257192,1743839041022.0,941725,GAME_END,100.0
1752565,7587343666,1743871311207.0,1752565,GAME_END,100.0
1774844,7586170566,1743837189171.0,1774844,GAME_END,100.0
1813347,7587558820,1743882709696.0,1813347,GAME_END,100.0
1803806,7586800831,1743857578479.0,1803806,GAME_END,200.0
918938,7586327819,1743841513163.0,918938,GAME_END,200.0
936147,7586706937,1743854027037.0,936147,GAME_END,100.0
1449013,7587171786,1743866227355.0,1449013,GAME_END,100.0
1711800,7587383452,1743872618007.0,1711800,GAME_END,100.0
914788,7585986592,1743829465555.0,914788,GAME_END,100.0
1118295,7586551694,1743849273719.0,1118295,GAME_END,100.0
1910047,7587606661,1743889965398.0,1910047,GAME_END,100.0
1661208,7585999228,1743830659296.0,1661208,GAME_END,100.0
1774496,7587508818,1743878599986.0,1774496,GAME_END,100.0
2016159,7587482194,1743876951152.0,2016159,GAME_END,100.0
1584417,7586120413,1743835175208.0,1584417,GAME_END,100.0
1146393,7586964968,1743860927452.0,1146393,GAME_END,200.0
911841,7586101444,1743833851554.0,911841,GAME_END,100.0
1124131,7587098579,1743864025601.0,1124131,GAME_END,200.0
1938193,7586626054,1743852411657.0,1938193,GAME_END,200.0
1917610,7587481342,1743876874172.0,1917610,GAME_END,200.0
1509219,7587604585,1743888679375.0,1509219,GAME_END,200.0
1179707,7587286299,1743868882401.0,1179707,GAME_END,100.0
2182043,7585810611,1743822313684.0,2182043,GAME_END,200.0
1612919,7585804234,1743821035354.0,1612919,GAME_END,200.0
1780418,7585872728,1743825265068.0,1780418,GAME_END,100.0
1659281,7587633147,1743894346311.0,1659281,GAME_END,200.0
941899,7587383970,1743871960842.0,941899,GAME_END,200.0
1795343,7586316131,1743841778799.0,1795343,GAME_END,100.0
1537962,7585977639,1743829766305.0,1537962,GAME_END,100.0
1311144,7587414509,1743873370067.0,1311144,GAME_END,200.0
1475454,7585953657,1743828696234.0,1475454,GAME_END,200.0
1716616,7587337431,1743870960919.0,1716616,GAME_END,200.0
1698700,7586119804,1743835422927.0,1698700,GAME_END,100.0
1529403,7587023826,1743862792021.0,1529403,GAME_END,200.0
1959326,7586391691,1743844733221.0,1959326,GAME_END,100.0
1915784,7587340990,1743871461469.0,1915784,GAME_END,100.0
943653,7586838463,1743857551252.0,943653,GAME_END,100.0
942743,7587625177,1743892024294.0,942743,GAME_END,200.0
1012301,7585725436,1743815143432.0,1012301,GAME_END,100.0
1875976,7585888171,1743825881544.0,1875976,GAME_END,200.0
1704692,7586848747,1743858646930.0,1704692,GAME_END,100.0
1786822,7587184794,1743866850118.0,1786822,GAME_END,100.0
1890372,7585934485,1743828230340.0,1890372,GAME_END,200.0
2091612,7586151887,1743836883197.0,2091612,GAME_END,200.0
1246872,7587447033,1743874473254.0,1246872,GAME_END,100.0
1856998,7585686467,1743812124582.0,1856998,GAME_END,200.0
909400,7587646582,1743896498953.0,909400,GAME_END,100.0
1292955,7586113016,1743834424811.0,1292955,GAME_END,100.0
967002,7587488087,1743876172925.0,967002,GAME_END,100.0
1628066,7586467239,1743846789092.0,1628066,GAME_END,200.0
1907668,7585750368,1743818007926.0,1907668,GAME_END,200.0
973225,7587599877,1743887835178.0,973225,GAME_END,100.0
1669808,7587107509,1743864811860.0,1669808,GAME_END,200.0
1735354,7587624566,1743893201856.0,1735354,GAME_END,200.0
2204065,7587005904,1743862967541.0,2204065,GAME_END,100.0
1990049,7587594812,1743887754537.0,1990049,GAME_END,100.0
1009646,7587381401,1743871799327.0,1009646,GAME_END,100.0
1398169,7587584245,1743884789701.0,1398169,GAME_END,100.0
1604529,7587388809,1743872803231.0,1604529,GAME_END,200.0
1404645,7587185990,1743866599990.0,1404645,GAME_END,100.0
1634220,7586955109,1743860998518.0,1634220,GAME_END,200.0
1263054,7586176786,1743836879922.0,1263054,GAME_END,100.0
952833,7587080534,1743863430460.0,952833,GAME_END,100.0
1715447,7586399776,1743844808422.0,1715447,GAME_END,200.0
1742588,7586127680,1743835622459.0,1742588,GAME_END,100.0
1311522,7587569273,1743882730239.0,1311522,GAME_END,200.0
1735155,7587026018,1743862784992.0,1735155,GAME_END,200.0
1501867,7586162631,1743836597260.0,1501867,GAME_END,200.0
1681124,7587161963,1743866233697.0,1681124,GAME_END,200.0
1677690,7587065032,1743863635265.0,1677690,GAME_END,200.0
1928927,7587350714,1743871747797.0,1928927,GAME_END,200.0
1368585,7587226777,1743867495870.0,1368585,GAME_END,100.0
2491859,7587563548,1743883561807.0,2491859,GAME_END,100.0
1488375,7586757299,1743855848601.0,1488375,GAME_END,100.0
1765635,7587631889,1743895630304.0,1765635,GAME_END,100.0
1638166,7586309388,1743841575317.0,1638166,GAME_END,100.0
1684254,7587238017,1743867984846.0,1684254,GAME_END,200.0
2188822,7585729165,1743816678672.0,2188822,GAME_END,200.0
1604206,7586210592,1743838299304.0,1604206,GAME_END,100.0
1487874,7585908829,1743826778607.0,1487874,GAME_END,100.0
913324,7586700713,1743853777839.0,913324,GAME_END,100.0
945265,7586899718,1743859100802.0,945265,GAME_END,200.0
1615864,7587081172,1743864006221.0,1615864,GAME_END,200.0
1592247,7586300205,1743841152034.0,1592247,GAME_END,100.0
1814869,7586051333,1743832868111.0,1814869,GAME_END,200.0
1245638,7587251437,1743868129020.0,1245638,GAME_END,100.0
1728477,7586656576,1743853239529.0,1728477,GAME_END,200.0
1376727,7587339006,1743870574835.0,1376727,GAME_END,200.0
1795541,7587172850,1743866592229.0,1795541,GAME_END,100.0
128638,7587003549,1743860758554.0,128638,GAME_END,200.0
1421924,7587582978,1743885718959.0,1421924,GAME_END,100.0
912058,7587496827,1743877031518.0,912058,GAME_END,100.0
1998348,7586782047,1743856977214.0,1998348,GAME_END,100.0
917098,7587217281,1743866736826.0,917098,GAME_END,100.0
1682376,7587315371,1743870244947.0,1682376,GAME_END,100.0
1684542,7587246134,1743868215349.0,1684542,GAME_END,100.0
1369892,7586208037,1743837776930.0,1369892,GAME_END,100.0
1826488,7587015423,1743862700608.0,1826488,GAME_END,200.0
920890,7586903082,1743859052121.0,920890,GAME_END,200.0
1483786,7586464746,1743846676222.0,1483786,GAME_END,200.0
1807717,7587111896,1743865150470.0,1807717,GAME_END,200.0
2742655,7586325901,1743843323868.0,2742655,GAME_END,200.0
1342599,7587640799,1743896246269.0,1342599,GAME_END,100.0
2007261,7587236000,1743868735896.0,2007261,GAME_END,200.0
1926315,7586851998,1743858963920.0,1926315,GAME_END,100.0
1777241,7586263399,1743840087608.0,1777241,GAME_END,100.0
942382,7587111377,1743864166933.0,942382,GAME_END,200.0
1842379,7587520067,1743878896437.0,1842379,GAME_END,100.0
2344570,7587308550,1743870894824.0,2344570,GAME_END,200.0
1199213,7586208998,1743837945044.0,1199213,GAME_END,100.0
1633831,7585699298,1743813410517.0,1633831,GAME_END,200.0
1657708,7586990293,1743861964672.0,1657708,GAME_END,100.0
1467946,7587217541,1743867343325.0,1467946,GAME_END,100.0
1616189,7587021237,1743862567483.0,1616189,GAME_END,200.0
1344575,7587500443,1743877358228.0,1344575,GAME_END,200.0
1461135,7586111441,1743834708460.0,1461135,GAME_END,100.0
880583,7587621067,1743890931886.0,880583,GAME_END,100.0
1165440,7586649249,1743852397567.0,1165440,GAME_END,100.0
1981877,7587566731,1743883806785.0,1981877,GAME_END,200.0
1761543,7586483124,1743847425988.0,1761543,GAME_END,200.0
2405012,7587217610,1743868290613.0,2405012,GAME_END,200.0
1796743,7586770500,1743856609193.0,1796743,GAME_END,100.0
1067873,7587503970,1743877627117.0,1067873,GAME_END,100.0
2107863,7586880332,1743859757404.0,2107863,GAME_END,100.0
1323729,7587332057,1743870346829.0,1323729,GAME_END,200.0
1705153,7585849841,1743824100523.0,1705153,GAME_END,100.0
1829208,7586627340,1743852390424.0,1829208,GAME_END,100.0
910543,7587545693,1743880554289.0,910543,GAME_END,200.0
947267,7586360791,1743842725781.0,947267,GAME_END,100.0
1478338,7586622777,1743851957748.0,1478338,GAME_END,100.0
1477578,7586955687,1743861067291.0,1477578,GAME_END,100.0
1700993,7587607912,1743890478409.0,1700993,GAME_END,100.0
1222174,7586961299,1743860854162.0,1222174,GAME_END,100.0
1924158,7587222037,1743867801007.0,1924158,GAME_END,200.0
1742212,7587601130,1743887742033.0,1742212,GAME_END,200.0
1671104,7587543849,1743881186148.0,1671104,GAME_END,100.0
1658417,7587519080,1743878683960.0,1658417,GAME_END,100.0
2524338,7587465244,1743876589955.0,2524338,GAME_END,100.0
1915640,7585891806,1743826453045.0,1915640,GAME_END,200.0
1815525,7585729966,1743816780541.0,1815525,GAME_END,200.0
2100794,7587539185,1743880641186.0,2100794,GAME_END,100.0
1260760,7587437967,1743874459058.0,1260760,GAME_END,100.0
911835,7586295525,1743840365862.0,911835,GAME_END,200.0
928029,7586446625,1743845496882.0,928029,GAME_END,100.0
1510840,7587554513,1743881665082.0,1510840,GAME_END,200.0
1527716,7587265197,1743868627923.0,1527716,GAME_END,100.0
919714,7586011960,1743830706154.0,919714,GAME_END,100.0
2108333,7586853075,1743858982892.0,2108333,GAME_END,100.0
2087578,7585880823,1743826022762.0,2087578,GAME_END,200.0
1451838,7586392142,1743844083415.0,1451838,GAME_END,200.0
1513056,7587626641,1743893894305.0,1513056,GAME_END,100.0
1511072,7586182014,1743837081448.0,1511072,GAME_END,100.0
1373976,7587437774,1743874439407.0,1373976,GAME_END,100.0
1886627,7587435488,1743874757680.0,1886627,GAME_END,200.0
1569393,7586236271,1743838998147.0,1569393,GAME_END,100.0
1363737,7585736416,1743816272805.0,1363737,GAME_END,100.0
1930701,7586326367,1743842405527.0,1930701,GAME_END,200.0
2084195,7586571016,1743850723736.0,2084195,GAME_END,200.0
1611727,7587600106,1743887074786.0,1611727,GAME_END,200.0
1433984,7587485203,1743876557471.0,1433984,GAME_END,100.0
1132474,7586652467,1743852441325.0,1132474,GAME_END,200.0
912003,7585940196,1743827417019.0,912003,GAME_END,100.0
1703615,7587371936,1743872321268.0,1703615,GAME_END,200.0
1310150,7586898283,1743859320850.0,1310150,GAME_END,200.0
932274,7586419762,1743844654639.0,932274,GAME_END,100.0
2239297,7586102805,1743835272873.0,2239297,GAME_END,200.0
1827876,7587455739,1743875680688.0,1827876,GAME_END,200.0
1810869,7586254738,1743839957970.0,1810869,GAME_END,100.0
1411872,7586112009,1743834611494.0,1411872,GAME_END,200.0
1375334,7586869210,1743858710487.0,1375334,GAME_END,200.0
1550033,7586463619,1743846730509.0,1550033,GAME_END,200.0
1606560,7586201471,1743837966041.0,1606560,GAME_END,100.0
1633820,7586705396,1743854521352.0,1633820,GAME_END,100.0
1303285,7586888664,1743859152857.0,1303285,GAME_END,100.0
1701493,7586905563,1743860011960.0,1701493,GAME_END,200.0
1717919,7585783479,1743819986383.0,1717919,GAME_END,200.0
1889579,7587560354,1743882395289.0,1889579,GAME_END,100.0
1806665,7586297272,1743841223472.0,1806665,GAME_END,200.0
1824848,7586474206,1743847142512.0,1824848,GAME_END,100.0
1608633,7587205285,1743867175807.0,1608633,GAME_END,200.0
1707298,7587534324,1743880026766.0,1707298,GAME_END,100.0
1864443,7586700561,1743854679574.0,1864443,GAME_END,200.0
1940267,7587453757,1743875742947.0,1940267,GAME_END,100.0
980783,7586256799,1743839222989.0,980783,GAME_END,200.0
1252787,7587151815,1743865493249.0,1252787,GAME_END,100.0
1715747,7587499713,1743877852836.0,1715747,GAME_END,100.0
1577162,7587299826,1743869828653.0,1577162,GAME_END,100.0
1503820,7586459748,1743846574444.0,1503820,GAME_END,100.0
1205613,7586928961,1743860228224.0,1205613,GAME_END,100.0
1555249,7586756794,1743855991810.0,1555249,GAME_END,100.0
2081689,7587427554,1743874638284.0,2081689,GAME_END,100.0
1552636,7587270092,1743868780978.0,1552636,GAME_END,200.0
1905020,7585818754,1743822424955.0,1905020,GAME_END,200.0
1772863,7587327156,1743870628396.0,1772863,GAME_END,200.0
1172886,7586951969,1743860654495.0,1172886,GAME_END,200.0
1715375,7586982395,1743861858857.0,1715375,GAME_END,200.0
930822,7586160483,1743835981699.0,930822,GAME_END,100.0
971141,7586547443,1743848902121.0,971141,GAME_END,200.0
1860166,7586209246,1743838438014.0,1860166,GAME_END,200.0
914134,7585886794,1743825137448.0,914134,GAME_END,100.0
1656484,7585771102,1743818985696.0,1656484,GAME_END,100.0
1827048,7587253721,1743868733123.0,1827048,GAME_END,200.0
1920601,7586220423,1743838941295.0,1920601,GAME_END,100.0
1364690,7586240685,1743839200112.0,1364690,GAME_END,100.0
1934564,7587260710,1743868979521.0,1934564,GAME_END,100.0
2410023,7587194383,1743867631726.0,2410023,GAME_END,100.0
2024556,7587135522,1743865848784.0,2024556,GAME_END,100.0
1257039,7587497734,1743877399595.0,1257039,GAME_END,100.0
1873124,7586532386,1743849302426.0,1873124,GAME_END,100.0
1498743,7586478025,1743846975542.0,1498743,GAME_END,200.0
2360759,7587149451,1743866521715.0,2360759,GAME_END,200.0
1659679,7587037668,1743863144969.0,1659679,GAME_END,200.0
1542065,7587405973,1743873415109.0,1542065,GAME_END,200.0
1506761,7586367750,1743843442309.0,1506761,GAME_END,200.0
921908,7585920904,1743826853109.0,921908,GAME_END,100.0
1711265,7586830524,1743858160574.0,1711265,GAME_END,100.0
1828628,7586665650,1743853606499.0,1828628,GAME_END,200.0
914533,7586693955,1743853643243.0,914533,GAME_END,100.0
1227613,7587487421,1743876574289.0,1227613,GAME_END,100.0
2040420,7586669675,1743854025275.0,2040420,GAME_END,200.0
1189593,7587477048,1743875792513.0,1189593,GAME_END,100.0
1194154,7586291471,1743840431449.0,1194154,GAME_END,100.0
1678362,7587377295,1743872229696.0,1678362,GAME_END,200.0
1579041,7586558516,1743850031304.0,1579041,GAME_END,200.0
1727859,7587624922,1743893921455.0,1727859,GAME_END,200.0
1202107,7587537332,1743879759260.0,1202107,GAME_END,200.0
932410,7587432249,1743873577069.0,932410,GAME_END,200.0
1206299,7586806603,1743856902194.0,1206299,GAME_END,100.0
1801042,7586277962,1743840683771.0,1801042,GAME_END,200.0
979325,7587029914,1743862333184.0,979325,GAME_END,100.0
107469,7585944478,1743826936290.0,107469,GAME_END,100.0
1686704,7586570832,1743850553247.0,1686704,GAME_END,200.0
1437592,7587280046,1743868864643.0,1437592,GAME_END,200.0
1861449,7586435090,1743845906063.0,1861449,GAME_END,100.0
1521174,7586437584,1743845795896.0,1521174,GAME_END,100.0
1542445,7585783705,1743820099410.0,1542445,GAME_END,100.0
1676865,7585814234,1743821724426.0,1676865,GAME_END,200.0
1994124,7586156599,1743836835917.0,1994124,GAME_END,200.0
1562178,7587555299,1743881731221.0,1562178,GAME_END,100.0
1851641,7587594546,1743887124250.0,1851641,GAME_END,200.0
2049328,7586344236,1743843002020.0,2049328,GAME_END,100.0
917421,7585851224,1743823067326.0,917421,GAME_END,100.0
2314995,7587549144,1743881762889.0,2314995,GAME_END,200.0
2681217,7586513486,1743849478921.0,2681217,GAME_END,100.0
1177869,7587295850,1743869308788.0,1177869,GAME_END,100.0
1870451,7585763340,1743818813362.0,1870451,GAME_END,100.0
1718641,7586358869,1743843445144.0,1718641,GAME_END,200.0
2054640,7587527898,1743880231921.0,2054640,GAME_END,200.0
1588108,7585677961,1743811498496.0,1588108,GAME_END,200.0
1705992,7587004039,1743862191280.0,1705992,GAME_END,100.0
968318,7587479120,1743875677814.0,968318,GAME_END,100.0
1620928,7587115623,1743865006748.0,1620928,GAME_END,100.0
1555766,7585990989,1743830399616.0,1555766,GAME_END,100.0
1676105,7587560171,1743882024032.0,1676105,GAME_END,100.0
1600719,7585924059,1743827313704.0,1600719,GAME_END,200.0
711490,7586311118,1743840579823.0,711490,GAME_END,100.0
1843498,7586427780,1743845808168.0,1843498,GAME_END,100.0
1570315,7586826090,1743857723092.0,1570315,GAME_END,100.0
2348839,7586782500,1743857483185.0,2348839,GAME_END,100.0
1903900,7585893415,1743826279022.0,1903900,GAME_END,100.0
1378557,7587616857,1743892044628.0,1378557,GAME_END,200.0
1470122,7587612107,1743889580529.0,1470122,GAME_END,200.0
1457030,7587438012,1743874231180.0,1457030,GAME_END,200.0
1349662,7586730693,1743855078386.0,1349662,GAME_END,100.0
1857952,7587219690,1743867776282.0,1857952,GAME_END,200.0
1765112,7586338247,1743842600328.0,1765112,GAME_END,100.0
1819160,7586857011,1743858734942.0,1819160,GAME_END,200.0
1403992,7586410888,1743844900383.0,1403992,GAME_END,100.0
1720942,7587431845,1743874577539.0,1720942,GAME_END,200.0
1604428,7587126271,1743865112332.0,1604428,GAME_END,100.0
1541966,7586647501,1743852783465.0,1541966,GAME_END,200.0
1857916,7587564851,1743883453281.0,1857916,GAME_END,100.0
1658667,7587560221,1743881975849.0,1658667,GAME_END,200.0
1738220,7587435592,1743874709309.0,1738220,GAME_END,200.0
1312088,7585822739,1743822114871.0,1312088,GAME_END,200.0
1465469,7587266073,1743868534750.0,1465469,GAME_END,200.0
1498065,7587084813,1743864152524.0,1498065,GAME_END,100.0
1342993,7586900435,1743859509664.0,1342993,GAME_END,100.0
972357,7587436445,1743873873738.0,972357,GAME_END,200.0
2154299,7585892284,1743826413003.0,2154299,GAME_END,100.0
2045200,7586306095,1743841693333.0,2045200,GAME_END,200.0
1583299,7586791102,1743856820847.0,1583299,GAME_END,100.0
1132650,7587556145,1743881233167.0,1132650,GAME_END,100.0
1528598,7586116765,1743835049649.0,1528598,GAME_END,100.0
2240667,7586683396,1743854478253.0,2240667,GAME_END,200.0
983011,7587386495,1743871957756.0,983011,GAME_END,100.0
1212633,7586562939,1743849853796.0,1212633,GAME_END,200.0
923173,7587298777,1743869147156.0,923173,GAME_END,200.0
911057,7585783721,1743819391167.0,911057,GAME_END,100.0
917722,7585692549,1743812148425.0,917722,GAME_END,200.0
912586,7586899821,1743859143439.0,912586,GAME_END,200.0
951700,7587573773,1743883543877.0,951700,GAME_END,200.0
1919755,7586064435,1743833473559.0,1919755,GAME_END,100.0
1744385,7586896752,1743859830414.0,1744385,GAME_END,200.0
1684858,7586886509,1743859558266.0,1684858,GAME_END,200.0
929255,7585714032,1743813754099.0,929255,GAME_END,200.0
1676645,7587627734,1743894399029.0,1676645,GAME_END,200.0
1698849,7587453045,1743875174279.0,1698849,GAME_END,200.0
1431347,7586719858,1743854906084.0,1431347,GAME_END,100.0
1719496,7587459917,1743875837120.0,1719496,GAME_END,100.0
1660913,7587509129,1743878074168.0,1660913,GAME_END,200.0
2086253,7587111363,1743865298787.0,2086253,GAME_END,200.0
923249,7586800261,1743856446016.0,923249,GAME_END,200.0
913945,7586853202,1743857776218.0,913945,GAME_END,100.0
2045750,7586186321,1743837841474.0,2045750,GAME_END,100.0
932006,7586298817,1743840629101.0,932006,GAME_END,100.0
1717140,7587303888,1743870117168.0,1717140,GAME_END,100.0
955683,7586914281,1743859348423.0,955683,GAME_END,100.0
916758,7586375278,1743842946413.0,916758,GAME_END,100.0
1681726,7585873675,1743825272117.0,1681726,GAME_END,200.0
1411892,7587439880,1743874607471.0,1411892,GAME_END,200.0
1009707,7585976197,1743828964738.0,1009707,GAME_END,200.0
1662772,7587486606,1743877099602.0,1662772,GAME_END,200.0
1213248,7586461316,1743846264600.0,1213248,GAME_END,100.0
912908,7586599345,1743850570080.0,912908,GAME_END,100.0
1148763,7587523163,1743878532962.0,1148763,GAME_END,100.0
1871336,7586649870,1743853290218.0,1871336,GAME_END,200.0
984435,7586818382,1743857004881.0,984435,GAME_END,100.0
2184380,7587174492,1743866918190.0,2184380,GAME_END,200.0
1744763,7586737031,1743855465260.0,1744763,GAME_END,200.0
1603146,7586067878,1743833352823.0,1603146,GAME_END,100.0
2548067,7586075765,1743834566076.0,2548067,GAME_END,200.0
2083871,7586182110,1743837667320.0,2083871,GAME_END,100.0
1496307,7586486938,1743847567028.0,1496307,GAME_END,100.0
1798334,7586285862,1743841040340.0,1798334,GAME_END,200.0
911556,7586507096,1743847331354.0,911556,GAME_END,100.0
934967,7587559610,1743881694269.0,934967,GAME_END,100.0
1397415,7587138891,1743865357279.0,1397415,GAME_END,100.0
1863824,7586893651,1743859866219.0,1863824,GAME_END,100.0
2434408,7586370678,1743844558460.0,2434408,GAME_END,200.0
1928828,7586929457,1743860824076.0,1928828,GAME_END,100.0
1941704,7585958405,1743829285202.0,1941704,GAME_END,200.0
2676773,7586584999,1743851994153.0,2676773,GAME_END,200.0
1286778,7587608182,1743888688096.0,1286778,GAME_END,200.0
1310435,7585957387,1743828564411.0,1310435,GAME_END,200.0
1762690,7587558624,1743882447419.0,1762690,GAME_END,200.0
1756859,7586983058,1743861831404.0,1756859,GAME_END,100.0
2257993,7586014455,1743832018839.0,2257993,GAME_END,200.0
2091656,7586301122,1743841623448.0,2091656,GAME_END,200.0
912358,7586469340,1743846242883.0,912358,GAME_END,100.0
1728774,7587030029,1743862910154.0,1728774,GAME_END,200.0
2039758,7585823327,1743822777255.0,2039758,GAME_END,100.0
2168606,7586399105,1743844999923.0,2168606,GAME_END,200.0
1709203,7587555077,1743881746774.0,1709203,GAME_END,200.0
2073271,7587228178,1743868154329.0,2073271,GAME_END,200.0
1615659,7587123515,1743865106666.0,1615659,GAME_END,200.0
1431872,7587497568,1743877413321.0,1431872,GAME_END,200.0
936752,7587424216,1743873289806.0,936752,GAME_END,200.0
1831008,7586192530,1743837897337.0,1831008,GAME_END,200.0
966050,7586453359,1743845655167.0,966050,GAME_END,100.0
2147365,7586276176,1743840802995.0,2147365,GAME_END,200.0
1606386,7587584157,1743884830107.0,1606386,GAME_END,100.0
1355061,7586597294,1743850964695.0,1355061,GAME_END,100.0
1806303,7587427759,1743874502367.0,1806303,GAME_END,100.0
1668978,7587570967,1743884008041.0,1668978,GAME_END,100.0
913249,7586636407,1743851718493.0,913249,GAME_END,200.0
1803645,7586450949,1743846717043.0,1803645,GAME_END,200.0
1489217,7587571803,1743883904730.0,1489217,GAME_END,200.0
2078043,7587523887,1743879964854.0,2078043,GAME_END,100.0
1746517,7586707851,1743854848556.0,1746517,GAME_END,200.0
964195,7587036377,1743862503716.0,964195,GAME_END,200.0
1898322,7586505972,1743848639832.0,1898322,GAME_END,200.0
2160770,7587398075,1743873416586.0,2160770,GAME_END,200.0
1715044,7586238796,1743839371827.0,1715044,GAME_END,100.0
1694851,7586225645,1743838868399.0,1694851,GAME_END,100.0
2078596,7587203986,1743867761482.0,2078596,GAME_END,100.0
1020483,7587255632,1743867919573.0,1020483,GAME_END,100.0
1825875,7587285679,1743869598897.0,1825875,GAME_END,100.0
1339521,7586077396,1743833279930.0,1339521,GAME_END,200.0
1092338,7586758073,1743855417933.0,1092338,GAME_END,100.0
1317551,7587339609,1743870748776.0,1317551,GAME_END,200.0
1915629,7586144906,1743836454258.0,1915629,GAME_END,100.0
1839658,7585816671,1743822192232.0,1839658,GAME_END,200.0
1563687,7587340123,1743870883336.0,1563687,GAME_END,200.0
1813969,7585770101,1743819105454.0,1813969,GAME_END,100.0
1643769,7586392214,1743844256864.0,1643769,GAME_END,200.0
910700,7587003698,1743861670441.0,910700,GAME_END,200.0
1123427,7586703701,1743854109806.0,1123427,GAME_END,200.0
1325806,7587337564,1743870864207.0,1325806,GAME_END,200.0
3001788,7587157805,1743867404635.0,3001788,GAME_END,200.0
1388036,7587276388,1743868824055.0,1388036,GAME_END,100.0
954824,7585902136,1743825630121.0,954824,GAME_END,200.0
1110087,7587333126,1743870211594.0,1110087,GAME_END,100.0
1634677,7587389335,1743872653571.0,1634677,GAME_END,100.0
1790578,7586601364,1743851515456.0,1790578,GAME_END,100.0
1099224,7586858202,1743858096592.0,1099224,GAME_END,200.0
1980163,7586598034,1743851515582.0,1980163,GAME_END,200.0
924668,7586518668,1743848051568.0,924668,GAME_END,200.0
1552073,7586999470,1743862068904.0,1552073,GAME_END,200.0
1621046,7586184010,1743837257747.0,1621046,GAME_END,200.0
1639771,7585897716,1743826360353.0,1639771,GAME_END,100.0
2681434,7587548536,1743882330628.0,2681434,GAME_END,200.0
1860232,7586691718,1743854449803.0,1860232,GAME_END,200.0
1804340,7587412927,1743873902384.0,1804340,GAME_END,100.0
1806408,7587498625,1743877886848.0,1806408,GAME_END,200.0
1337935,7585980136,1743829529318.0,1337935,GAME_END,100.0
1517627,7586334537,1743842215821.0,1517627,GAME_END,100.0
2015313,7587369929,1743872560312.0,2015313,GAME_END,200.0
1720617,7587523714,1743879539260.0,1720617,GAME_END,100.0
2038311,7586249989,1743840182350.0,2038311,GAME_END,200.0
945301,7586805329,1743856616222.0,945301,GAME_END,100.0
1146618,7586687883,1743853682705.0,1146618,GAME_END,200.0
1399507,7587019519,1743862408156.0,1399507,GAME_END,100.0
1802859,7586794068,1743857061593.0,1802859,GAME_END,100.0
1481624,7586772210,1743856281487.0,1481624,GAME_END,200.0
1639320,7586713975,1743854921040.0,1639320,GAME_END,200.0
1435501,7586122354,1743835046545.0,1435501,GAME_END,200.0
1287903,7586408854,1743844716044.0,1287903,GAME_END,100.0
1530010,7586379578,1743843885695.0,1530010,GAME_END,100.0
2470934,7587555444,1743882838775.0,2470934,GAME_END,100.0
1313983,7586263284,1743839603530.0,1313983,GAME_END,100.0
1443661,7587267330,1743868683245.0,1443661,GAME_END,100.0
956303,7587213200,1743866665977.0,956303,GAME_END,100.0
1791404,7586253914,1743839957651.0,1791404,GAME_END,100.0
112644,7587398904,1743871730720.0,112644,GAME_END,100.0
1659689,7585989085,1743830142308.0,1659689,GAME_END,200.0
1472829,7586880067,1743859068073.0,1472829,GAME_END,100.0
1018237,7586870202,1743858336116.0,1018237,GAME_END,200.0
1668330,7586970532,1743861561343.0,1668330,GAME_END,100.0
1663574,7587126364,1743865213131.0,1663574,GAME_END,100.0
975707,7587455238,1743874609302.0,975707,GAME_END,200.0
1170993,7587458071,1743874863508.0,1170993,GAME_END,200.0
1657993,7587299996,1743869952194.0,1657993,GAME_END,100.0
1794292,7586508273,1743848373015.0,1794292,GAME_END,200.0
1777294,7587376751,1743872480907.0,1777294,GAME_END,200.0
2083709,7586546235,1743849952132.0,2083709,GAME_END,200.0
2002292,7586858145,1743859036531.0,2002292,GAME_END,200.0
1730956,7586092032,1743834169316.0,1730956,GAME_END,200.0
1607247,7586181900,1743837408965.0,1607247,GAME_END,200.0
1858088,7586689817,1743854457652.0,1858088,GAME_END,100.0
1498915,7586245004,1743839141246.0,1498915,GAME_END,100.0
1539086,7587117239,1743864860152.0,1539086,GAME_END,100.0
1892199,7587155922,1743866310621.0,1892199,GAME_END,200.0
1840245,7587369805,1743872307784.0,1840245,GAME_END,200.0
2158741,7586395288,1743844874385.0,2158741,GAME_END,100.0
1822509,7587392795,1743873308390.0,1822509,GAME_END,200.0
1633623,7586303473,1743841345196.0,1633623,GAME_END,100.0
1944280,7587091839,1743864807583.0,1944280,GAME_END,200.0
1363299,7587582872,1743885494118.0,1363299,GAME_END,100.0
1718157,7586606845,1743851743594.0,1718157,GAME_END,200.0
966321,7587246502,1743867619923.0,966321,GAME_END,200.0
911797,7587266934,1743868266976.0,911797,GAME_END,100.0
1258844,7586975812,1743861349702.0,1258844,GAME_END,100.0
914003,7586832178,1743857343087.0,914003,GAME_END,100.0
2038964,7587613668,1743891458288.0,2038964,GAME_END,100.0
1930897,7585785134,1743820115338.0,1930897,GAME_END,200.0
1137826,7587157384,1743865404332.0,1137826,GAME_END,100.0
1690172,7587404479,1743873330950.0,1690172,GAME_END,100.0
1735397,7587433059,1743874372644.0,1735397,GAME_END,200.0
1335237,7587364710,1743871618100.0,1335237,GAME_END,200.0
1571407,7587146698,1743865652324.0,1571407,GAME_END,100.0
1324876,7587349173,1743870961064.0,1324876,GAME_END,200.0
1178833,7586302266,1743840817980.0,1178833,GAME_END,200.0
1386319,7587526290,1743879141147.0,1386319,GAME_END,100.0
2048829,7586977822,1743862111860.0,2048829,GAME_END,100.0
1280243,7587200185,1743866674712.0,1280243,GAME_END,100.0
1507472,7585861538,1743824346606.0,1507472,GAME_END,100.0
1759719,7587180522,1743866625661.0,1759719,GAME_END,100.0
2021586,7586638095,1743852781671.0,2021586,GAME_END,100.0
1701030,7587217611,1743867588600.0,1701030,GAME_END,200.0
1620581,7587529555,1743879606785.0,1620581,GAME_END,100.0
1830954,7586510282,1743848546091.0,1830954,GAME_END,200.0
1206329,7586407555,1743844406000.0,1206329,GAME_END,200.0
3348029,7587497058,1743879037770.0,3348029,GAME_END,200.0
1219648,7587398731,1743872719757.0,1219648,GAME_END,200.0
1584729,7586158292,1743836357838.0,1584729,GAME_END,200.0
2015904,7585841609,1743823914806.0,2015904,GAME_END,100.0
1909795,7586531250,1743849311074.0,1909795,GAME_END,100.0
1305802,7587362485,1743871448361.0,1305802,GAME_END,200.0
1070897,7587616448,1743890783218.0,1070897,GAME_END,100.0
1748155,7586399582,1743844730328.0,1748155,GAME_END,200.0
1719986,7586374936,1743843950517.0,1719986,GAME_END,100.0
1424208,7587571577,1743883547136.0,1424208,GAME_END,200.0
1762572,7587334086,1743870870085.0,1762572,GAME_END,100.0
1836520,7586935870,1743861000685.0,1836520,GAME_END,200.0
2091743,7587082997,1743864762222.0,2091743,GAME_END,200.0
1688179,7586905752,1743860053147.0,1688179,GAME_END,200.0
1473340,7586344208,1743842399161.0,1473340,GAME_END,200.0
1377882,7586191845,1743837532715.0,1377882,GAME_END,100.0
1641289,7586561917,1743850259721.0,1641289,GAME_END,100.0
1433277,7587576708,1743884471861.0,1433277,GAME_END,200.0
1689548,7587520478,1743879171887.0,1689548,GAME_END,200.0
1364755,7587292306,1743869222910.0,1364755,GAME_END,200.0
1855375,7587015277,1743862722046.0,1855375,GAME_END,200.0
1781629,7587427580,1743874356775.0,1781629,GAME_END,100.0
705846,7587299980,1743869002254.0,705846,GAME_END,100.0
1516484,7587648390,1743897141110.0,1516484,GAME_END,100.0
1326189,7586327290,1743841732132.0,1326189,GAME_END,200.0
933645,7587572416,1743883022430.0,933645,GAME_END,200.0
1712282,7587128077,1743865276197.0,1712282,GAME_END,100.0
918786,7587344564,1743870470842.0,918786,GAME_END,100.0
1451141,7586857885,1743858612471.0,1451141,GAME_END,200.0
1177069,7586015243,1743830777417.0,1177069,GAME_END,100.0
915052,7586050291,1743832024273.0,915052,GAME_END,100.0
1209121,7587442146,1743874274044.0,1209121,GAME_END,100.0
1275841,7585928157,1743827172226.0,1275841,GAME_END,100.0
1618460,7586554788,1743849938980.0,1618460,GAME_END,200.0
1808078,7587296042,1743869772129.0,1808078,GAME_END,200.0
2154350,7587586228,1743885900065.0,2154350,GAME_END,100.0
943564,7586476140,1743846376168.0,943564,GAME_END,100.0
1983479,7587455790,1743875865978.0,1983479,GAME_END,200.0
1741401,7587409185,1743873418446.0,1741401,GAME_END,200.0
1986575,7586263406,1743840329396.0,1986575,GAME_END,100.0
1303803,7586634817,1743852194977.0,1303803,GAME_END,100.0
1744175,7587082131,1743864133109.0,1744175,GAME_END,100.0
911135,7587110063,1743863968759.0,911135,GAME_END,200.0
1990336,7587386297,1743872939743.0,1990336,GAME_END,100.0
1446424,7586439170,1743845628329.0,1446424,GAME_END,200.0
1234881,7586267984,1743839907743.0,1234881,GAME_END,200.0
1389596,7587531107,1743879314259.0,1389596,GAME_END,100.0
2298648,7586207642,1743838890766.0,2298648,GAME_END,200.0
1184853,7587503409,1743877444891.0,1184853,GAME_END,100.0
1791749,7587159491,1743866155117.0,1791749,GAME_END,100.0
1829230,7585947401,1743828640729.0,1829230,GAME_END,100.0
2154815,7587567179,1743883396673.0,2154815,GAME_END,100.0
2230707,7586649309,1743853509450.0,2230707,GAME_END,200.0
1028080,7586238751,1743838678480.0,1028080,GAME_END,200.0
1785193,7587333883,1743871061299.0,1785193,GAME_END,200.0
1471683,7587473323,1743876041261.0,1471683,GAME_END,100.0
924995,7586803122,1743856541493.0,924995,GAME_END,100.0
1728356,7585855206,1743824049159.0,1728356,GAME_END,200.0
1229366,7585940927,1743828023957.0,1229366,GAME_END,200.0
1588450,7587535851,1743880490402.0,1588450,GAME_END,100.0
2154340,7587168629,1743866755328.0,2154340,GAME_END,100.0
1168029,7585745287,1743816749102.0,1168029,GAME_END,200.0
2018660,7586704931,1743855143440.0,2018660,GAME_END,100.0
1441302,7585685910,1743812166818.0,1441302,GAME_END,100.0
1869742,7586053965,1743833203084.0,1869742,GAME_END,200.0
917985,7587301196,1743869065140.0,917985,GAME_END,100.0
1197323,7586797315,1743856626678.0,1197323,GAME_END,100.0
1191789,7586360253,1743842767378.0,1191789,GAME_END,100.0
1716571,7587327816,1743870854294.0,1716571,GAME_END,200.0
1912740,7587333965,1743871266314.0,1912740,GAME_END,100.0
1062664,7587028603,1743862337266.0,1062664,GAME_END,100.0
1284110,7586269878,1743840077966.0,1284110,GAME_END,100.0
1842659,7587520767,1743879451086.0,1842659,GAME_END,200.0
1789716,7586629540,1743852483880.0,1789716,GAME_END,200.0
1740158,7587349211,1743871361245.0,1740158,GAME_END,100.0
1965586,7587630081,1743893646802.0,1965586,GAME_END,200.0
1731462,7586776832,1743856761497.0,1731462,GAME_END,200.0
1143703,7586044037,1743831832450.0,1143703,GAME_END,200.0
964284,7586740948,1743854979147.0,964284,GAME_END,100.0
1806582,7586929360,1743860744093.0,1806582,GAME_END,200.0
1387651,7586654318,1743852719935.0,1387651,GAME_END,100.0
1699476,7586185724,1743837643546.0,1699476,GAME_END,100.0
1521582,7587634947,1743895683565.0,1521582,GAME_END,200.0
1506565,7586568911,1743850310393.0,1506565,GAME_END,100.0
1521557,7586328978,1743842324010.0,1521557,GAME_END,100.0
2283242,7586954656,1743861777663.0,2283242,GAME_END,100.0
911720,7586395837,1743843828370.0,911720,GAME_END,200.0
1693536,7586522041,1743848684750.0,1693536,GAME_END,200.0
1541193,7585716139,1743814591965.0,1541193,GAME_END,200.0
1266086,7587410691,1743873178261.0,1266086,GAME_END,200.0
1386080,7587188041,1743866343410.0,1386080,GAME_END,200.0
1948661,7587538168,1743880487383.0,1948661,GAME_END,100.0
939228,7586610158,1743850885183.0,939228,GAME_END,100.0
1827393,7586887922,1743859747132.0,1827393,GAME_END,200.0
1531519,7587532298,1743879721037.0,1531519,GAME_END,200.0
1510072,7587525656,1743879489335.0,1510072,GAME_END,200.0
1123051,7586497969,1743847555245.0,1123051,GAME_END,200.0
1874080,7587642441,1743896773125.0,1874080,GAME_END,100.0
925233,7587437699,1743873973519.0,925233,GAME_END,200.0
922770,7586575431,1743849856164.0,922770,GAME_END,200.0
1852705,7587253533,1743868702788.0,1852705,GAME_END,200.0
1494718,7586561433,1743849927433.0,1494718,GAME_END,100.0
1665667,7586032079,1743831844731.0,1665667,GAME_END,100.0
1543391,7587414503,1743873608988.0,1543391,GAME_END,200.0
1314969,7586165412,1743836411250.0,1314969,GAME_END,200.0
1823249,7587370773,1743872363903.0,1823249,GAME_END,200.0
1899624,7587456857,1743875903469.0,1899624,GAME_END,200.0
2636999,7587621677,1743893945333.0,2636999,GAME_END,200.0
1601972,7587408071,1743873220187.0,1601972,GAME_END,100.0
1391003,7587105702,1743864511082.0,1391003,GAME_END,100.0
935390,7587540885,1743880115917.0,935390,GAME_END,100.0
919536,7587096763,1743863816506.0,919536,GAME_END,200.0
1991283,7587515881,1743879380042.0,1991283,GAME_END,100.0
1706356,7587509568,1743878426714.0,1706356,GAME_END,200.0
917484,7586885054,1743858533598.0,917484,GAME_END,100.0
1681221,7585702634,1743813981993.0,1681221,GAME_END,100.0
1248920,7586243099,1743838815059.0,1248920,GAME_END,100.0
1574317,7586122777,1743835256361.0,1574317,GAME_END,100.0
2191249,7587133598,1743865978910.0,2191249,GAME_END,100.0
2238963,7587457044,1743875899731.0,2238963,GAME_END,200.0
2131646,7586755234,1743856520420.0,2131646,GAME_END,200.0
2195539,7585831411,1743823368021.0,2195539,GAME_END,100.0
1782308,7587230802,1743868097163.0,1782308,GAME_END,100.0
2399360,7587587618,1743886850105.0,2399360,GAME_END,100.0
1758760,7587626661,1743894167729.0,1758760,GAME_END,100.0
1546534,7586949132,1743860835386.0,1546534,GAME_END,100.0
1474995,7586360675,1743843159184.0,1474995,GAME_END,200.0
1501538,7587496736,1743877535918.0,1501538,GAME_END,100.0
3223635,7587577871,1743886608313.0,3223635,GAME_END,200.0
1510982,7586065634,1743833122295.0,1510982,GAME_END,200.0
1157320,7586504684,1743847693944.0,1157320,GAME_END,200.0
1827797,7586068655,1743833612609.0,1827797,GAME_END,100.0
938170,7586513937,1743847893123.0,938170,GAME_END,100.0
1463258,7587244138,1743867993611.0,1463258,GAME_END,200.0
1768852,7585744896,1743817763856.0,1768852,GAME_END,100.0
1150242,7586525251,1743848298554.0,1150242,GAME_END,200.0
2394715,7587602060,1743888428977.0,2394715,GAME_END,100.0
1448450,7587509049,1743877785022.0,1448450,GAME_END,100.0
1747489,7587139551,1743865608269.0,1747489,GAME_END,100.0
1559604,7585972004,1743829402616.0,1559604,GAME_END,100.0
1173567,7585975007,1743829038491.0,1173567,GAME_END,100.0
599308,7587145261,1743864647790.0,599308,GAME_END,200.0
1437887,7586118434,1743834884265.0,1437887,GAME_END,200.0
1372368,7587031587,1743862680744.0,1372368,GAME_END,100.0
911837,7585920108,1743826461340.0,911837,GAME_END,100.0
1721313,7587446982,1743875345743.0,1721313,GAME_END,200.0
1423456,7587589949,1743886583414.0,1423456,GAME_END,200.0
1989602,7587279863,1743869723502.0,1989602,GAME_END,100.0
2103903,7587356859,1743872188749.0,2103903,GAME_END,200.0
1610672,7585859869,1743824582572.0,1610672,GAME_END,100.0
913913,7587057368,1743862747744.0,913913,GAME_END,200.0
1628067,7586787442,1743856861847.0,1628067,GAME_END,200.0
930249,7587039799,1743862527057.0,930249,GAME_END,100.0
1755672,7587115119,1743864968205.0,1755672,GAME_END,100.0
1716066,7586842995,1743858631778.0,1716066,GAME_END,200.0
1348243,7587296793,1743869491502.0,1348243,GAME_END,200.0
1511673,7587216431,1743867319549.0,1511673,GAME_END,200.0
1159582,7586795067,1743856457087.0,1159582,GAME_END,100.0
1590608,7586160968,1743836774069.0,1590608,GAME_END,200.0
1956558,7587152791,1743866203751.0,1956558,GAME_END,200.0
1538800,7586006300,1743830814932.0,1538800,GAME_END,100.0
943829,7587163494,1743865459453.0,943829,GAME_END,100.0
1356304,7586246891,1743839237945.0,1356304,GAME_END,100.0
910894,7586971237,1743860766181.0,910894,GAME_END,200.0
963994,7585836961,1743822669123.0,963994,GAME_END,100.0
917170,7585937463,1743827339855.0,917170,GAME_END,200.0
960747,7586594764,1743850500400.0,960747,GAME_END,100.0
1130622,7586174866,1743836705070.0,1130622,GAME_END,200.0
1599728,7587624217,1743892326404.0,1599728,GAME_END,200.0
1927028,7586579274,1743850965369.0,1927028,GAME_END,100.0
1475388,7586824029,1743857576532.0,1475388,GAME_END,100.0
103400,7585732279,1743814778548.0,103400,GAME_END,200.0
1743384,7587615075,1743890316369.0,1743384,GAME_END,100.0
1082164,7587393472,1743872304464.0,1082164,GAME_END,100.0
2232103,7586520666,1743849371106.0,2232103,GAME_END,100.0
1954271,7587009849,1743862801785.0,1954271,GAME_END,200.0
1875665,7587520373,1743879345189.0,1875665,GAME_END,100.0
2181233,7587535566,1743880920246.0,2181233,GAME_END,200.0
2056096,7585800400,1743821487593.0,2056096,GAME_END,200.0
1377627,7587074604,1743863683607.0,1377627,GAME_END,100.0
1410675,7586742987,1743855727321.0,1410675,GAME_END,100.0
1300931,7587122974,1743864846956.0,1300931,GAME_END,100.0
1694152,7587393473,1743872941409.0,1694152,GAME_END,200.0
1602638,7587645010,1743896244235.0,1602638,GAME_END,200.0
912734,7587053980,1743862921694.0,912734,GAME_END,200.0
1561490,7586935219,1743860490846.0,1561490,GAME_END,200.0
2452880,7586921457,1743861100589.0,2452880,GAME_END,200.0
1673050,7587322365,1743870596588.0,1673050,GAME_END,100.0
911217,7587418918,1743873294060.0,911217,GAME_END,200.0
1403698,7587285403,1743869135621.0,1403698,GAME_END,100.0
1105689,7586407982,1743844441018.0,1105689,GAME_END,100.0
1454884,7587543775,1743880907816.0,1454884,GAME_END,100.0
1143004,7587073138,1743863371345.0,1143004,GAME_END,100.0
1105288,7585862402,1743823898393.0,1105288,GAME_END,200.0
919954,7586759994,1743855586695.0,919954,GAME_END,100.0
1112369,7587618110,1743890490675.0,1112369,GAME_END,200.0
927499,7586576925,1743849981878.0,927499,GAME_END,200.0
2635722,7587363339,1743872763034.0,2635722,GAME_END,200.0
1468843,7586387397,1743843949840.0,1468843,GAME_END,100.0
2023644,7587589454,1743886378263.0,2023644,GAME_END,100.0
2655969,7587456612,1743876588828.0,2655969,GAME_END,100.0
1619172,7586130487,1743835589891.0,1619172,GAME_END,100.0
1435828,7586137311,1743835545617.0,1435828,GAME_END,100.0
1811021,7585876499,1743825342968.0,1811021,GAME_END,100.0
918579,7585707399,1743813564976.0,918579,GAME_END,100.0
1404951,7586661669,1743853101894.0,1404951,GAME_END,100.0
1104341,7585766224,1743818037239.0,1104341,GAME_END,100.0
1241112,7587113059,1743864385095.0,1241112,GAME_END,200.0
1303549,7586781917,1743856519631.0,1303549,GAME_END,200.0
1705197,7586550828,1743849997865.0,1705197,GAME_END,100.0
1616796,7587037998,1743863161832.0,1616796,GAME_END,200.0
1747846,7587349701,1743871534135.0,1747846,GAME_END,200.0
